SET IDENTITY_INSERT BibleTranslations ON 
INSERT BibleTranslations ([BibleTranslationID], [Name], [Abbreviation]) VALUES (1, N'American Standard Version', N'ASV')
INSERT BibleTranslations ([BibleTranslationID], [Name], [Abbreviation]) VALUES (2, N'King James Version', N'KJV')
INSERT BibleTranslations ([BibleTranslationID], [Name], [Abbreviation]) VALUES (3, N'New International Version', N'NIV')
SET IDENTITY_INSERT BibleTranslations OFF
GO

SET IDENTITY_INSERT BibleBooks ON 
INSERT BibleBooks ([BibleBookID], [Name], [Abbreviation], [IsNewTestament]) VALUES (1, N'Genesis', N'genesis', 0)
INSERT BibleBooks ([BibleBookID], [Name], [Abbreviation], [IsNewTestament]) VALUES (2, N'Exodus', N'exodus', 0)
INSERT BibleBooks ([BibleBookID], [Name], [Abbreviation], [IsNewTestament]) VALUES (3, N'Leviticus', N'leviticus', 0)
INSERT BibleBooks ([BibleBookID], [Name], [Abbreviation], [IsNewTestament]) VALUES (4, N'Numbers', N'numbers', 0)
INSERT BibleBooks ([BibleBookID], [Name], [Abbreviation], [IsNewTestament]) VALUES (5, N'Deuteronomy', N'deuteronomy', 0)
INSERT BibleBooks ([BibleBookID], [Name], [Abbreviation], [IsNewTestament]) VALUES (6, N'Joshua', N'joshua', 0)
INSERT BibleBooks ([BibleBookID], [Name], [Abbreviation], [IsNewTestament]) VALUES (7, N'Judges', N'judges', 0)
INSERT BibleBooks ([BibleBookID], [Name], [Abbreviation], [IsNewTestament]) VALUES (8, N'Ruth', N'ruth', 0)
INSERT BibleBooks ([BibleBookID], [Name], [Abbreviation], [IsNewTestament]) VALUES (9, N'1 Samuel', N'1samuel', 0)
INSERT BibleBooks ([BibleBookID], [Name], [Abbreviation], [IsNewTestament]) VALUES (10, N'2 Samuel', N'2samuel', 0)
INSERT BibleBooks ([BibleBookID], [Name], [Abbreviation], [IsNewTestament]) VALUES (11, N'1 Kings', N'1kings', 0)
INSERT BibleBooks ([BibleBookID], [Name], [Abbreviation], [IsNewTestament]) VALUES (12, N'2 Kings', N'2kings', 0)
INSERT BibleBooks ([BibleBookID], [Name], [Abbreviation], [IsNewTestament]) VALUES (13, N'1 Chronicles', N'1chronicles', 0)
INSERT BibleBooks ([BibleBookID], [Name], [Abbreviation], [IsNewTestament]) VALUES (14, N'2 Chronicles', N'2chronicles', 0)
INSERT BibleBooks ([BibleBookID], [Name], [Abbreviation], [IsNewTestament]) VALUES (15, N'Ezra', N'ezra', 0)
INSERT BibleBooks ([BibleBookID], [Name], [Abbreviation], [IsNewTestament]) VALUES (16, N'Nehemiah', N'nehemiah', 0)
INSERT BibleBooks ([BibleBookID], [Name], [Abbreviation], [IsNewTestament]) VALUES (17, N'Esther', N'esther', 0)
INSERT BibleBooks ([BibleBookID], [Name], [Abbreviation], [IsNewTestament]) VALUES (18, N'Job', N'job', 0)
INSERT BibleBooks ([BibleBookID], [Name], [Abbreviation], [IsNewTestament]) VALUES (19, N'Psalms', N'psalms', 0)
INSERT BibleBooks ([BibleBookID], [Name], [Abbreviation], [IsNewTestament]) VALUES (20, N'Proverbs', N'proverbs', 0)
INSERT BibleBooks ([BibleBookID], [Name], [Abbreviation], [IsNewTestament]) VALUES (21, N'Ecclesiastes', N'ecclesiastes', 0)
INSERT BibleBooks ([BibleBookID], [Name], [Abbreviation], [IsNewTestament]) VALUES (22, N'Song of Songs', N'songofsongs', 0)
INSERT BibleBooks ([BibleBookID], [Name], [Abbreviation], [IsNewTestament]) VALUES (23, N'Isaiah', N'isaiah', 0)
INSERT BibleBooks ([BibleBookID], [Name], [Abbreviation], [IsNewTestament]) VALUES (24, N'Jeremiah', N'jeremiah', 0)
INSERT BibleBooks ([BibleBookID], [Name], [Abbreviation], [IsNewTestament]) VALUES (25, N'Lamentations', N'lamentations', 0)
INSERT BibleBooks ([BibleBookID], [Name], [Abbreviation], [IsNewTestament]) VALUES (26, N'Ezekiel', N'ezekiel', 0)
INSERT BibleBooks ([BibleBookID], [Name], [Abbreviation], [IsNewTestament]) VALUES (27, N'Daniel', N'daniel', 0)
INSERT BibleBooks ([BibleBookID], [Name], [Abbreviation], [IsNewTestament]) VALUES (28, N'Hosea', N'hosea', 0)
INSERT BibleBooks ([BibleBookID], [Name], [Abbreviation], [IsNewTestament]) VALUES (29, N'Joel', N'joel', 0)
INSERT BibleBooks ([BibleBookID], [Name], [Abbreviation], [IsNewTestament]) VALUES (30, N'Amos', N'amos', 0)
INSERT BibleBooks ([BibleBookID], [Name], [Abbreviation], [IsNewTestament]) VALUES (31, N'Obadiah', N'obadiah', 0)
INSERT BibleBooks ([BibleBookID], [Name], [Abbreviation], [IsNewTestament]) VALUES (32, N'Jonah', N'jonah', 0)
INSERT BibleBooks ([BibleBookID], [Name], [Abbreviation], [IsNewTestament]) VALUES (33, N'Micah', N'micah', 0)
INSERT BibleBooks ([BibleBookID], [Name], [Abbreviation], [IsNewTestament]) VALUES (34, N'Nahum', N'nahum', 0)
INSERT BibleBooks ([BibleBookID], [Name], [Abbreviation], [IsNewTestament]) VALUES (35, N'Habakkuk', N'habakkuk', 0)
INSERT BibleBooks ([BibleBookID], [Name], [Abbreviation], [IsNewTestament]) VALUES (36, N'Zephaniah', N'zephaniah', 0)
INSERT BibleBooks ([BibleBookID], [Name], [Abbreviation], [IsNewTestament]) VALUES (37, N'Haggai', N'haggai', 0)
INSERT BibleBooks ([BibleBookID], [Name], [Abbreviation], [IsNewTestament]) VALUES (38, N'Zechariah', N'zechariah', 0)
INSERT BibleBooks ([BibleBookID], [Name], [Abbreviation], [IsNewTestament]) VALUES (39, N'Malachi', N'malachi', 0)
INSERT BibleBooks ([BibleBookID], [Name], [Abbreviation], [IsNewTestament]) VALUES (40, N'Matthew', N'matthew', 1)
INSERT BibleBooks ([BibleBookID], [Name], [Abbreviation], [IsNewTestament]) VALUES (41, N'Mark', N'mark', 1)
INSERT BibleBooks ([BibleBookID], [Name], [Abbreviation], [IsNewTestament]) VALUES (42, N'Luke', N'luke', 1)
INSERT BibleBooks ([BibleBookID], [Name], [Abbreviation], [IsNewTestament]) VALUES (43, N'John', N'john', 1)
INSERT BibleBooks ([BibleBookID], [Name], [Abbreviation], [IsNewTestament]) VALUES (44, N'Acts', N'acts', 1)
INSERT BibleBooks ([BibleBookID], [Name], [Abbreviation], [IsNewTestament]) VALUES (45, N'Romans', N'romans', 1)
INSERT BibleBooks ([BibleBookID], [Name], [Abbreviation], [IsNewTestament]) VALUES (46, N'1 Corinthians', N'1corinthians', 1)
INSERT BibleBooks ([BibleBookID], [Name], [Abbreviation], [IsNewTestament]) VALUES (47, N'2 Corinthians', N'2corinthians', 1)
INSERT BibleBooks ([BibleBookID], [Name], [Abbreviation], [IsNewTestament]) VALUES (48, N'Galatians', N'galatians', 1)
INSERT BibleBooks ([BibleBookID], [Name], [Abbreviation], [IsNewTestament]) VALUES (49, N'Ephesians', N'ephesians', 1)
INSERT BibleBooks ([BibleBookID], [Name], [Abbreviation], [IsNewTestament]) VALUES (50, N'Phillipians', N'phillipians', 1)
INSERT BibleBooks ([BibleBookID], [Name], [Abbreviation], [IsNewTestament]) VALUES (51, N'Colossians', N'colossians', 1)
INSERT BibleBooks ([BibleBookID], [Name], [Abbreviation], [IsNewTestament]) VALUES (52, N'1 Thessalonians', N'1thessalonians', 1)
INSERT BibleBooks ([BibleBookID], [Name], [Abbreviation], [IsNewTestament]) VALUES (53, N'2 Thessalonians', N'2thessalonians', 1)
INSERT BibleBooks ([BibleBookID], [Name], [Abbreviation], [IsNewTestament]) VALUES (54, N'1 Timothy', N'1timothy', 1)
INSERT BibleBooks ([BibleBookID], [Name], [Abbreviation], [IsNewTestament]) VALUES (55, N'2 Timothy', N'2timothy', 1)
INSERT BibleBooks ([BibleBookID], [Name], [Abbreviation], [IsNewTestament]) VALUES (56, N'Titus', N'titus', 1)
INSERT BibleBooks ([BibleBookID], [Name], [Abbreviation], [IsNewTestament]) VALUES (57, N'Philemon', N'philemon', 1)
INSERT BibleBooks ([BibleBookID], [Name], [Abbreviation], [IsNewTestament]) VALUES (58, N'Hebrews', N'hebrews', 1)
INSERT BibleBooks ([BibleBookID], [Name], [Abbreviation], [IsNewTestament]) VALUES (59, N'James', N'james', 1)
INSERT BibleBooks ([BibleBookID], [Name], [Abbreviation], [IsNewTestament]) VALUES (60, N'1 Peter', N'1peter', 1)
INSERT BibleBooks ([BibleBookID], [Name], [Abbreviation], [IsNewTestament]) VALUES (61, N'2 Peter', N'2peter', 1)
INSERT BibleBooks ([BibleBookID], [Name], [Abbreviation], [IsNewTestament]) VALUES (62, N'1 John', N'1john', 1)
INSERT BibleBooks ([BibleBookID], [Name], [Abbreviation], [IsNewTestament]) VALUES (63, N'2 John', N'2john', 1)
INSERT BibleBooks ([BibleBookID], [Name], [Abbreviation], [IsNewTestament]) VALUES (64, N'3 John', N'3john', 1)
INSERT BibleBooks ([BibleBookID], [Name], [Abbreviation], [IsNewTestament]) VALUES (65, N'Jude', N'jude', 1)
INSERT BibleBooks ([BibleBookID], [Name], [Abbreviation], [IsNewTestament]) VALUES (66, N'Revelation', N'revelation', 1)
SET IDENTITY_INSERT BibleBooks OFF
GO

SET IDENTITY_INSERT [BibleSections] ON 
INSERT [BibleSections] ([BibleSectionID], [Name], [OrderNumber]) VALUES (1, N'Books of the Law', 1)
INSERT [BibleSections] ([BibleSectionID], [Name], [OrderNumber]) VALUES (2, N'Books of History', 2)
INSERT [BibleSections] ([BibleSectionID], [Name], [OrderNumber]) VALUES (3, N'Books of Wisdom', 3)
INSERT [BibleSections] ([BibleSectionID], [Name], [OrderNumber]) VALUES (4, N'Books of the Prophets', 4)
INSERT [BibleSections] ([BibleSectionID], [Name], [OrderNumber]) VALUES (6, N'Canonical Gospels', 5)
INSERT [BibleSections] ([BibleSectionID], [Name], [OrderNumber]) VALUES (7, N'Accounts of the Early Church', 6)
INSERT [BibleSections] ([BibleSectionID], [Name], [OrderNumber]) VALUES (8, N'Paul''s Letters to Churches', 7)
INSERT [BibleSections] ([BibleSectionID], [Name], [OrderNumber]) VALUES (9, N'Paul''s Letters to Individuals', 8)
INSERT [BibleSections] ([BibleSectionID], [Name], [OrderNumber]) VALUES (10, N'Other Epistles', 9)
INSERT [BibleSections] ([BibleSectionID], [Name], [OrderNumber]) VALUES (11, N'Prophecy', 10)
SET IDENTITY_INSERT [BibleSections] OFF
GO

SET IDENTITY_INSERT [BibleSectionBibleBooks] ON 
INSERT [BibleSectionBibleBooks] ([BibleSectionBibleBookID], [BibleSectionID], [BibleBookID]) VALUES (1, 1, 1)
INSERT [BibleSectionBibleBooks] ([BibleSectionBibleBookID], [BibleSectionID], [BibleBookID]) VALUES (2, 1, 2)
INSERT [BibleSectionBibleBooks] ([BibleSectionBibleBookID], [BibleSectionID], [BibleBookID]) VALUES (3, 1, 3)
INSERT [BibleSectionBibleBooks] ([BibleSectionBibleBookID], [BibleSectionID], [BibleBookID]) VALUES (4, 1, 4)
INSERT [BibleSectionBibleBooks] ([BibleSectionBibleBookID], [BibleSectionID], [BibleBookID]) VALUES (5, 1, 5)
INSERT [BibleSectionBibleBooks] ([BibleSectionBibleBookID], [BibleSectionID], [BibleBookID]) VALUES (6, 2, 6)
INSERT [BibleSectionBibleBooks] ([BibleSectionBibleBookID], [BibleSectionID], [BibleBookID]) VALUES (7, 2, 7)
INSERT [BibleSectionBibleBooks] ([BibleSectionBibleBookID], [BibleSectionID], [BibleBookID]) VALUES (8, 2, 8)
INSERT [BibleSectionBibleBooks] ([BibleSectionBibleBookID], [BibleSectionID], [BibleBookID]) VALUES (9, 2, 9)
INSERT [BibleSectionBibleBooks] ([BibleSectionBibleBookID], [BibleSectionID], [BibleBookID]) VALUES (10, 2, 10)
INSERT [BibleSectionBibleBooks] ([BibleSectionBibleBookID], [BibleSectionID], [BibleBookID]) VALUES (11, 2, 11)
INSERT [BibleSectionBibleBooks] ([BibleSectionBibleBookID], [BibleSectionID], [BibleBookID]) VALUES (12, 2, 12)
INSERT [BibleSectionBibleBooks] ([BibleSectionBibleBookID], [BibleSectionID], [BibleBookID]) VALUES (13, 2, 13)
INSERT [BibleSectionBibleBooks] ([BibleSectionBibleBookID], [BibleSectionID], [BibleBookID]) VALUES (14, 2, 14)
INSERT [BibleSectionBibleBooks] ([BibleSectionBibleBookID], [BibleSectionID], [BibleBookID]) VALUES (15, 2, 15)
INSERT [BibleSectionBibleBooks] ([BibleSectionBibleBookID], [BibleSectionID], [BibleBookID]) VALUES (16, 2, 16)
INSERT [BibleSectionBibleBooks] ([BibleSectionBibleBookID], [BibleSectionID], [BibleBookID]) VALUES (17, 2, 17)
INSERT [BibleSectionBibleBooks] ([BibleSectionBibleBookID], [BibleSectionID], [BibleBookID]) VALUES (18, 3, 18)
INSERT [BibleSectionBibleBooks] ([BibleSectionBibleBookID], [BibleSectionID], [BibleBookID]) VALUES (19, 3, 19)
INSERT [BibleSectionBibleBooks] ([BibleSectionBibleBookID], [BibleSectionID], [BibleBookID]) VALUES (20, 3, 20)
INSERT [BibleSectionBibleBooks] ([BibleSectionBibleBookID], [BibleSectionID], [BibleBookID]) VALUES (21, 3, 21)
INSERT [BibleSectionBibleBooks] ([BibleSectionBibleBookID], [BibleSectionID], [BibleBookID]) VALUES (22, 3, 22)
INSERT [BibleSectionBibleBooks] ([BibleSectionBibleBookID], [BibleSectionID], [BibleBookID]) VALUES (23, 4, 23)
INSERT [BibleSectionBibleBooks] ([BibleSectionBibleBookID], [BibleSectionID], [BibleBookID]) VALUES (24, 4, 24)
INSERT [BibleSectionBibleBooks] ([BibleSectionBibleBookID], [BibleSectionID], [BibleBookID]) VALUES (25, 4, 25)
INSERT [BibleSectionBibleBooks] ([BibleSectionBibleBookID], [BibleSectionID], [BibleBookID]) VALUES (26, 4, 26)
INSERT [BibleSectionBibleBooks] ([BibleSectionBibleBookID], [BibleSectionID], [BibleBookID]) VALUES (27, 4, 27)
INSERT [BibleSectionBibleBooks] ([BibleSectionBibleBookID], [BibleSectionID], [BibleBookID]) VALUES (28, 4, 28)
INSERT [BibleSectionBibleBooks] ([BibleSectionBibleBookID], [BibleSectionID], [BibleBookID]) VALUES (29, 4, 29)
INSERT [BibleSectionBibleBooks] ([BibleSectionBibleBookID], [BibleSectionID], [BibleBookID]) VALUES (30, 4, 30)
INSERT [BibleSectionBibleBooks] ([BibleSectionBibleBookID], [BibleSectionID], [BibleBookID]) VALUES (31, 4, 31)
INSERT [BibleSectionBibleBooks] ([BibleSectionBibleBookID], [BibleSectionID], [BibleBookID]) VALUES (32, 4, 32)
INSERT [BibleSectionBibleBooks] ([BibleSectionBibleBookID], [BibleSectionID], [BibleBookID]) VALUES (33, 4, 33)
INSERT [BibleSectionBibleBooks] ([BibleSectionBibleBookID], [BibleSectionID], [BibleBookID]) VALUES (34, 4, 34)
INSERT [BibleSectionBibleBooks] ([BibleSectionBibleBookID], [BibleSectionID], [BibleBookID]) VALUES (35, 4, 35)
INSERT [BibleSectionBibleBooks] ([BibleSectionBibleBookID], [BibleSectionID], [BibleBookID]) VALUES (36, 4, 36)
INSERT [BibleSectionBibleBooks] ([BibleSectionBibleBookID], [BibleSectionID], [BibleBookID]) VALUES (37, 4, 37)
INSERT [BibleSectionBibleBooks] ([BibleSectionBibleBookID], [BibleSectionID], [BibleBookID]) VALUES (38, 4, 38)
INSERT [BibleSectionBibleBooks] ([BibleSectionBibleBookID], [BibleSectionID], [BibleBookID]) VALUES (39, 4, 39)
INSERT [BibleSectionBibleBooks] ([BibleSectionBibleBookID], [BibleSectionID], [BibleBookID]) VALUES (40, 6, 40)
INSERT [BibleSectionBibleBooks] ([BibleSectionBibleBookID], [BibleSectionID], [BibleBookID]) VALUES (41, 6, 41)
INSERT [BibleSectionBibleBooks] ([BibleSectionBibleBookID], [BibleSectionID], [BibleBookID]) VALUES (42, 6, 42)
INSERT [BibleSectionBibleBooks] ([BibleSectionBibleBookID], [BibleSectionID], [BibleBookID]) VALUES (43, 6, 43)
INSERT [BibleSectionBibleBooks] ([BibleSectionBibleBookID], [BibleSectionID], [BibleBookID]) VALUES (44, 7, 44)
INSERT [BibleSectionBibleBooks] ([BibleSectionBibleBookID], [BibleSectionID], [BibleBookID]) VALUES (45, 8, 45)
INSERT [BibleSectionBibleBooks] ([BibleSectionBibleBookID], [BibleSectionID], [BibleBookID]) VALUES (46, 8, 46)
INSERT [BibleSectionBibleBooks] ([BibleSectionBibleBookID], [BibleSectionID], [BibleBookID]) VALUES (47, 8, 47)
INSERT [BibleSectionBibleBooks] ([BibleSectionBibleBookID], [BibleSectionID], [BibleBookID]) VALUES (48, 8, 48)
INSERT [BibleSectionBibleBooks] ([BibleSectionBibleBookID], [BibleSectionID], [BibleBookID]) VALUES (49, 8, 49)
INSERT [BibleSectionBibleBooks] ([BibleSectionBibleBookID], [BibleSectionID], [BibleBookID]) VALUES (50, 8, 50)
INSERT [BibleSectionBibleBooks] ([BibleSectionBibleBookID], [BibleSectionID], [BibleBookID]) VALUES (51, 8, 51)
INSERT [BibleSectionBibleBooks] ([BibleSectionBibleBookID], [BibleSectionID], [BibleBookID]) VALUES (52, 8, 52)
INSERT [BibleSectionBibleBooks] ([BibleSectionBibleBookID], [BibleSectionID], [BibleBookID]) VALUES (53, 8, 53)
INSERT [BibleSectionBibleBooks] ([BibleSectionBibleBookID], [BibleSectionID], [BibleBookID]) VALUES (54, 9, 54)
INSERT [BibleSectionBibleBooks] ([BibleSectionBibleBookID], [BibleSectionID], [BibleBookID]) VALUES (55, 9, 55)
INSERT [BibleSectionBibleBooks] ([BibleSectionBibleBookID], [BibleSectionID], [BibleBookID]) VALUES (56, 9, 56)
INSERT [BibleSectionBibleBooks] ([BibleSectionBibleBookID], [BibleSectionID], [BibleBookID]) VALUES (57, 9, 57)
INSERT [BibleSectionBibleBooks] ([BibleSectionBibleBookID], [BibleSectionID], [BibleBookID]) VALUES (58, 10, 58)
INSERT [BibleSectionBibleBooks] ([BibleSectionBibleBookID], [BibleSectionID], [BibleBookID]) VALUES (59, 10, 59)
INSERT [BibleSectionBibleBooks] ([BibleSectionBibleBookID], [BibleSectionID], [BibleBookID]) VALUES (60, 10, 60)
INSERT [BibleSectionBibleBooks] ([BibleSectionBibleBookID], [BibleSectionID], [BibleBookID]) VALUES (61, 10, 61)
INSERT [BibleSectionBibleBooks] ([BibleSectionBibleBookID], [BibleSectionID], [BibleBookID]) VALUES (62, 10, 62)
INSERT [BibleSectionBibleBooks] ([BibleSectionBibleBookID], [BibleSectionID], [BibleBookID]) VALUES (63, 10, 63)
INSERT [BibleSectionBibleBooks] ([BibleSectionBibleBookID], [BibleSectionID], [BibleBookID]) VALUES (64, 10, 64)
INSERT [BibleSectionBibleBooks] ([BibleSectionBibleBookID], [BibleSectionID], [BibleBookID]) VALUES (65, 10, 65)
INSERT [BibleSectionBibleBooks] ([BibleSectionBibleBookID], [BibleSectionID], [BibleBookID]) VALUES (66, 11, 66)
SET IDENTITY_INSERT [BibleSectionBibleBooks] OFF
GO

INSERT PlanFullBibleYear ([Month], [Day], [Reading]) VALUES (1, 1, 'genesis 1-4');
INSERT PlanFullBibleYear ([Month], [Day], [Reading]) VALUES (1, 2, 'genesis 5-8');
INSERT PlanFullBibleYear ([Month], [Day], [Reading]) VALUES (1, 3, 'genesis 9-12');
INSERT PlanFullBibleYear ([Month], [Day], [Reading]) VALUES (1, 4, 'genesis 13-17');
INSERT PlanFullBibleYear ([Month], [Day], [Reading]) VALUES (1, 5, 'genesis 18-20');
INSERT PlanFullBibleYear ([Month], [Day], [Reading]) VALUES (1, 6, 'genesis 21-23');
INSERT PlanFullBibleYear ([Month], [Day], [Reading]) VALUES (1, 7, 'genesis 24-25');
INSERT PlanFullBibleYear ([Month], [Day], [Reading]) VALUES (1, 8, 'genesis 26-28');
INSERT PlanFullBibleYear ([Month], [Day], [Reading]) VALUES (1, 9, 'genesis 29-31');
INSERT PlanFullBibleYear ([Month], [Day], [Reading]) VALUES (1, 10, 'genesis 32-35');
INSERT PlanFullBibleYear ([Month], [Day], [Reading]) VALUES (1, 11, 'genesis 36-38');
INSERT PlanFullBibleYear ([Month], [Day], [Reading]) VALUES (1, 12, 'genesis 39-41');
INSERT PlanFullBibleYear ([Month], [Day], [Reading]) VALUES (1, 13, 'genesis 42-43');
INSERT PlanFullBibleYear ([Month], [Day], [Reading]) VALUES (1, 14, 'genesis 44-46');
INSERT PlanFullBibleYear ([Month], [Day], [Reading]) VALUES (1, 15, 'genesis 47-50');
INSERT PlanFullBibleYear ([Month], [Day], [Reading]) VALUES (1, 16, 'exodus 1-4');
INSERT PlanFullBibleYear ([Month], [Day], [Reading]) VALUES (1, 17, 'exodus 5-7');
INSERT PlanFullBibleYear ([Month], [Day], [Reading]) VALUES (1, 18, 'exodus 8-10');
INSERT PlanFullBibleYear ([Month], [Day], [Reading]) VALUES (1, 19, 'exodus 11-13');
INSERT PlanFullBibleYear ([Month], [Day], [Reading]) VALUES (1, 20, 'exodus 14-16');
INSERT PlanFullBibleYear ([Month], [Day], [Reading]) VALUES (1, 21, 'exodus 17-20');
INSERT PlanFullBibleYear ([Month], [Day], [Reading]) VALUES (1, 22, 'exodus 21-23');
INSERT PlanFullBibleYear ([Month], [Day], [Reading]) VALUES (1, 23, 'exodus 24-27');
INSERT PlanFullBibleYear ([Month], [Day], [Reading]) VALUES (1, 24, 'exodus 28-30');
INSERT PlanFullBibleYear ([Month], [Day], [Reading]) VALUES (1, 25, 'exodus 31-34');
INSERT PlanFullBibleYear ([Month], [Day], [Reading]) VALUES (1, 26, 'exodus 35-37');
INSERT PlanFullBibleYear ([Month], [Day], [Reading]) VALUES (1, 27, 'exodus 38-40');
INSERT PlanFullBibleYear ([Month], [Day], [Reading]) VALUES (1, 28, 'leviticus 1-4');
INSERT PlanFullBibleYear ([Month], [Day], [Reading]) VALUES (1, 29, 'leviticus 5-7');
INSERT PlanFullBibleYear ([Month], [Day], [Reading]) VALUES (1, 30, 'leviticus 8-10');
INSERT PlanFullBibleYear ([Month], [Day], [Reading]) VALUES (1, 31, 'leviticus 11-13');
INSERT PlanFullBibleYear ([Month], [Day], [Reading]) VALUES (2, 1, 'leviticus 14-15');
INSERT PlanFullBibleYear ([Month], [Day], [Reading]) VALUES (2, 2, 'leviticus 16-18');
INSERT PlanFullBibleYear ([Month], [Day], [Reading]) VALUES (2, 3, 'leviticus 19-21');
INSERT PlanFullBibleYear ([Month], [Day], [Reading]) VALUES (2, 4, 'leviticus 22-23');
INSERT PlanFullBibleYear ([Month], [Day], [Reading]) VALUES (2, 5, 'leviticus 24-25');
INSERT PlanFullBibleYear ([Month], [Day], [Reading]) VALUES (2, 6, 'leviticus 26-27');
INSERT PlanFullBibleYear ([Month], [Day], [Reading]) VALUES (2, 7, 'numbers 1-2');
INSERT PlanFullBibleYear ([Month], [Day], [Reading]) VALUES (2, 8, 'numbers 3-4');
INSERT PlanFullBibleYear ([Month], [Day], [Reading]) VALUES (2, 9, 'numbers 5-6');
INSERT PlanFullBibleYear ([Month], [Day], [Reading]) VALUES (2, 10, 'numbers 7');
INSERT PlanFullBibleYear ([Month], [Day], [Reading]) VALUES (2, 11, 'numbers 8-10');
INSERT PlanFullBibleYear ([Month], [Day], [Reading]) VALUES (2, 12, 'numbers 11-13');
INSERT PlanFullBibleYear ([Month], [Day], [Reading]) VALUES (2, 13, 'numbers 14-15');
INSERT PlanFullBibleYear ([Month], [Day], [Reading]) VALUES (2, 14, 'numbers 16-18');
INSERT PlanFullBibleYear ([Month], [Day], [Reading]) VALUES (2, 15, 'numbers 19-21');
INSERT PlanFullBibleYear ([Month], [Day], [Reading]) VALUES (2, 16, 'numbers 22-24');
INSERT PlanFullBibleYear ([Month], [Day], [Reading]) VALUES (2, 17, 'numbers 25-26');
INSERT PlanFullBibleYear ([Month], [Day], [Reading]) VALUES (2, 18, 'numbers 27-29');
INSERT PlanFullBibleYear ([Month], [Day], [Reading]) VALUES (2, 19, 'numbers 30-32');
INSERT PlanFullBibleYear ([Month], [Day], [Reading]) VALUES (2, 20, 'numbers 33-36');
INSERT PlanFullBibleYear ([Month], [Day], [Reading]) VALUES (2, 21, 'deuteronomy 1-2');
INSERT PlanFullBibleYear ([Month], [Day], [Reading]) VALUES (2, 22, 'deuteronomy 3-4');
INSERT PlanFullBibleYear ([Month], [Day], [Reading]) VALUES (2, 23, 'deuteronomy 5-8');
INSERT PlanFullBibleYear ([Month], [Day], [Reading]) VALUES (2, 24, 'deuteronomy 9-11');
INSERT PlanFullBibleYear ([Month], [Day], [Reading]) VALUES (2, 25, 'deuteronomy 12-15');
INSERT PlanFullBibleYear ([Month], [Day], [Reading]) VALUES (2, 26, 'deuteronomy 16-19');
INSERT PlanFullBibleYear ([Month], [Day], [Reading]) VALUES (2, 27, 'deuteronomy 20-22');
INSERT PlanFullBibleYear ([Month], [Day], [Reading]) VALUES (2, 28, 'deuteronomy 23-25');
INSERT PlanFullBibleYear ([Month], [Day], [Reading]) VALUES (2, 29, 'none');
INSERT PlanFullBibleYear ([Month], [Day], [Reading]) VALUES (3, 1, 'deuteronomy 26-27');
INSERT PlanFullBibleYear ([Month], [Day], [Reading]) VALUES (3, 2, 'deuteronomy 28-29');
INSERT PlanFullBibleYear ([Month], [Day], [Reading]) VALUES (3, 3, 'deuteronomy 30-32');
INSERT PlanFullBibleYear ([Month], [Day], [Reading]) VALUES (3, 4, 'deuteronomy 33-34');
INSERT PlanFullBibleYear ([Month], [Day], [Reading]) VALUES (3, 5, 'joshua 1-4');
INSERT PlanFullBibleYear ([Month], [Day], [Reading]) VALUES (3, 6, 'joshua 5-7');
INSERT PlanFullBibleYear ([Month], [Day], [Reading]) VALUES (3, 7, 'joshua 8-10');
INSERT PlanFullBibleYear ([Month], [Day], [Reading]) VALUES (3, 8, 'joshua 11-13');
INSERT PlanFullBibleYear ([Month], [Day], [Reading]) VALUES (3, 9, 'joshua 14-17');
INSERT PlanFullBibleYear ([Month], [Day], [Reading]) VALUES (3, 10, 'joshua 18-20');
INSERT PlanFullBibleYear ([Month], [Day], [Reading]) VALUES (3, 11, 'joshua 21-22');
INSERT PlanFullBibleYear ([Month], [Day], [Reading]) VALUES (3, 12, 'joshua 23-24');
INSERT PlanFullBibleYear ([Month], [Day], [Reading]) VALUES (3, 13, 'judges 1-3');
INSERT PlanFullBibleYear ([Month], [Day], [Reading]) VALUES (3, 14, 'judges 4-5');
INSERT PlanFullBibleYear ([Month], [Day], [Reading]) VALUES (3, 15, 'judges 6-8');
INSERT PlanFullBibleYear ([Month], [Day], [Reading]) VALUES (3, 16, 'judges 9-10');
INSERT PlanFullBibleYear ([Month], [Day], [Reading]) VALUES (3, 17, 'judges 11-13');
INSERT PlanFullBibleYear ([Month], [Day], [Reading]) VALUES (3, 18, 'judges 14-16');
INSERT PlanFullBibleYear ([Month], [Day], [Reading]) VALUES (3, 19, 'judges 17-19');
INSERT PlanFullBibleYear ([Month], [Day], [Reading]) VALUES (3, 20, 'judges 20-21');
INSERT PlanFullBibleYear ([Month], [Day], [Reading]) VALUES (3, 21, 'ruth 1-4');
INSERT PlanFullBibleYear ([Month], [Day], [Reading]) VALUES (3, 22, '1samuel 1-3');
INSERT PlanFullBibleYear ([Month], [Day], [Reading]) VALUES (3, 23, '1samuel 4-7');
INSERT PlanFullBibleYear ([Month], [Day], [Reading]) VALUES (3, 24, '1samuel 8-12');
INSERT PlanFullBibleYear ([Month], [Day], [Reading]) VALUES (3, 25, '1samuel 13-14');
INSERT PlanFullBibleYear ([Month], [Day], [Reading]) VALUES (3, 26, '1samuel 15-16');
INSERT PlanFullBibleYear ([Month], [Day], [Reading]) VALUES (3, 27, '1samuel 17-18');
INSERT PlanFullBibleYear ([Month], [Day], [Reading]) VALUES (3, 28, '1samuel 19-21');
INSERT PlanFullBibleYear ([Month], [Day], [Reading]) VALUES (3, 29, '1samuel 22-24');
INSERT PlanFullBibleYear ([Month], [Day], [Reading]) VALUES (3, 30, '1samuel 25-27');
INSERT PlanFullBibleYear ([Month], [Day], [Reading]) VALUES (3, 31, '1samuel 28-31');
INSERT PlanFullBibleYear ([Month], [Day], [Reading]) VALUES (4, 1, '2samuel 1-3');
INSERT PlanFullBibleYear ([Month], [Day], [Reading]) VALUES (4, 2, '2samuel 4-7');
INSERT PlanFullBibleYear ([Month], [Day], [Reading]) VALUES (4, 3, '2samuel 8-11');
INSERT PlanFullBibleYear ([Month], [Day], [Reading]) VALUES (4, 4, '2samuel 12-13');
INSERT PlanFullBibleYear ([Month], [Day], [Reading]) VALUES (4, 5, '2samuel 14-16');
INSERT PlanFullBibleYear ([Month], [Day], [Reading]) VALUES (4, 6, '2samuel 17-19');
INSERT PlanFullBibleYear ([Month], [Day], [Reading]) VALUES (4, 7, '2samuel 20-22');
INSERT PlanFullBibleYear ([Month], [Day], [Reading]) VALUES (4, 8, '2samuel 23-24');
INSERT PlanFullBibleYear ([Month], [Day], [Reading]) VALUES (4, 9, '1kings 1-2');
INSERT PlanFullBibleYear ([Month], [Day], [Reading]) VALUES (4, 10, '1kings 3-5');
INSERT PlanFullBibleYear ([Month], [Day], [Reading]) VALUES (4, 11, '1kings 6-7');
INSERT PlanFullBibleYear ([Month], [Day], [Reading]) VALUES (4, 12, '1kings 8-9');
INSERT PlanFullBibleYear ([Month], [Day], [Reading]) VALUES (4, 13, '1kings 10-12');
INSERT PlanFullBibleYear ([Month], [Day], [Reading]) VALUES (4, 14, '1kings 13-15');
INSERT PlanFullBibleYear ([Month], [Day], [Reading]) VALUES (4, 15, '1kings 16-18');
INSERT PlanFullBibleYear ([Month], [Day], [Reading]) VALUES (4, 16, '1kings 19-20');
INSERT PlanFullBibleYear ([Month], [Day], [Reading]) VALUES (4, 17, '1kings 21-22');
INSERT PlanFullBibleYear ([Month], [Day], [Reading]) VALUES (4, 18, '2kings 1-3');
INSERT PlanFullBibleYear ([Month], [Day], [Reading]) VALUES (4, 19, '2kings 4-5');
INSERT PlanFullBibleYear ([Month], [Day], [Reading]) VALUES (4, 20, '2kings 6-8');
INSERT PlanFullBibleYear ([Month], [Day], [Reading]) VALUES (4, 21, '2kings 9-10');
INSERT PlanFullBibleYear ([Month], [Day], [Reading]) VALUES (4, 22, '2kings 11-13');
INSERT PlanFullBibleYear ([Month], [Day], [Reading]) VALUES (4, 23, '2kings 14-16');
INSERT PlanFullBibleYear ([Month], [Day], [Reading]) VALUES (4, 24, '2kings 17-18');
INSERT PlanFullBibleYear ([Month], [Day], [Reading]) VALUES (4, 25, '2kings 19-21');
INSERT PlanFullBibleYear ([Month], [Day], [Reading]) VALUES (4, 26, '2kings 22-23');
INSERT PlanFullBibleYear ([Month], [Day], [Reading]) VALUES (4, 27, '2kings 24-25');
INSERT PlanFullBibleYear ([Month], [Day], [Reading]) VALUES (4, 28, '1chronicles 1-2');
INSERT PlanFullBibleYear ([Month], [Day], [Reading]) VALUES (4, 29, '1chronicles 3-4');
INSERT PlanFullBibleYear ([Month], [Day], [Reading]) VALUES (4, 30, '1chronicles 5-6');
INSERT PlanFullBibleYear ([Month], [Day], [Reading]) VALUES (5, 1, '1chronicles 7-9');
INSERT PlanFullBibleYear ([Month], [Day], [Reading]) VALUES (5, 2, '1chronicles 10-12');
INSERT PlanFullBibleYear ([Month], [Day], [Reading]) VALUES (5, 3, '1chronicles 13-16');
INSERT PlanFullBibleYear ([Month], [Day], [Reading]) VALUES (5, 4, '1chronicles 17-19');
INSERT PlanFullBibleYear ([Month], [Day], [Reading]) VALUES (5, 5, '1chronicles 20-23');
INSERT PlanFullBibleYear ([Month], [Day], [Reading]) VALUES (5, 6, '1chronicles 24-26');
INSERT PlanFullBibleYear ([Month], [Day], [Reading]) VALUES (5, 7, '1chronicles 27-29');
INSERT PlanFullBibleYear ([Month], [Day], [Reading]) VALUES (5, 8, '2chronicles 1-4');
INSERT PlanFullBibleYear ([Month], [Day], [Reading]) VALUES (5, 9, '2chronicles 5-7');
INSERT PlanFullBibleYear ([Month], [Day], [Reading]) VALUES (5, 10, '2chronicles 8-11');
INSERT PlanFullBibleYear ([Month], [Day], [Reading]) VALUES (5, 11, '2chronicles 12-16');
INSERT PlanFullBibleYear ([Month], [Day], [Reading]) VALUES (5, 12, '2chronicles 17-20');
INSERT PlanFullBibleYear ([Month], [Day], [Reading]) VALUES (5, 13, '2chronicles 21-24');
INSERT PlanFullBibleYear ([Month], [Day], [Reading]) VALUES (5, 14, '2chronicles 25-28');
INSERT PlanFullBibleYear ([Month], [Day], [Reading]) VALUES (5, 15, '2chronicles 29-31');
INSERT PlanFullBibleYear ([Month], [Day], [Reading]) VALUES (5, 16, '2chronicles 32-34');
INSERT PlanFullBibleYear ([Month], [Day], [Reading]) VALUES (5, 17, '2chronicles 35-36');
INSERT PlanFullBibleYear ([Month], [Day], [Reading]) VALUES (5, 18, 'ezra 1-4');
INSERT PlanFullBibleYear ([Month], [Day], [Reading]) VALUES (5, 19, 'ezra 5-7');
INSERT PlanFullBibleYear ([Month], [Day], [Reading]) VALUES (5, 20, 'ezra 8-10');
INSERT PlanFullBibleYear ([Month], [Day], [Reading]) VALUES (5, 21, 'nehemiah 1-3');
INSERT PlanFullBibleYear ([Month], [Day], [Reading]) VALUES (5, 22, 'nehemiah 4-7');
INSERT PlanFullBibleYear ([Month], [Day], [Reading]) VALUES (5, 23, 'nehemiah 8-10');
INSERT PlanFullBibleYear ([Month], [Day], [Reading]) VALUES (5, 24, 'nehemiah 11-13');
INSERT PlanFullBibleYear ([Month], [Day], [Reading]) VALUES (5, 25, 'esther 1-5');
INSERT PlanFullBibleYear ([Month], [Day], [Reading]) VALUES (5, 26, 'esther 6-10');
INSERT PlanFullBibleYear ([Month], [Day], [Reading]) VALUES (5, 27, 'job 1-4');
INSERT PlanFullBibleYear ([Month], [Day], [Reading]) VALUES (5, 28, 'job 5-8');
INSERT PlanFullBibleYear ([Month], [Day], [Reading]) VALUES (5, 29, 'job 9-12');
INSERT PlanFullBibleYear ([Month], [Day], [Reading]) VALUES (5, 30, 'job 13-16');
INSERT PlanFullBibleYear ([Month], [Day], [Reading]) VALUES (5, 31, 'job 17-20');
INSERT PlanFullBibleYear ([Month], [Day], [Reading]) VALUES (6, 1, 'job 21-24');
INSERT PlanFullBibleYear ([Month], [Day], [Reading]) VALUES (6, 2, 'job 25-30');
INSERT PlanFullBibleYear ([Month], [Day], [Reading]) VALUES (6, 3, 'job 31-34');
INSERT PlanFullBibleYear ([Month], [Day], [Reading]) VALUES (6, 4, 'job 35-38');
INSERT PlanFullBibleYear ([Month], [Day], [Reading]) VALUES (6, 5, 'job 39-42');
INSERT PlanFullBibleYear ([Month], [Day], [Reading]) VALUES (6, 6, 'psalms 1-8');
INSERT PlanFullBibleYear ([Month], [Day], [Reading]) VALUES (6, 7, 'psalms 9-17');
INSERT PlanFullBibleYear ([Month], [Day], [Reading]) VALUES (6, 8, 'psalms 18-21');
INSERT PlanFullBibleYear ([Month], [Day], [Reading]) VALUES (6, 9, 'psalms 22-27');
INSERT PlanFullBibleYear ([Month], [Day], [Reading]) VALUES (6, 10, 'psalms 28-33');
INSERT PlanFullBibleYear ([Month], [Day], [Reading]) VALUES (6, 11, 'psalms 34-37');
INSERT PlanFullBibleYear ([Month], [Day], [Reading]) VALUES (6, 12, 'psalms 38-42');
INSERT PlanFullBibleYear ([Month], [Day], [Reading]) VALUES (6, 13, 'psalms 43-49');
INSERT PlanFullBibleYear ([Month], [Day], [Reading]) VALUES (6, 14, 'psalms 50-55');
INSERT PlanFullBibleYear ([Month], [Day], [Reading]) VALUES (6, 15, 'psalms 56-61');
INSERT PlanFullBibleYear ([Month], [Day], [Reading]) VALUES (6, 16, 'psalms 62-68');
INSERT PlanFullBibleYear ([Month], [Day], [Reading]) VALUES (6, 17, 'psalms 69-72');
INSERT PlanFullBibleYear ([Month], [Day], [Reading]) VALUES (6, 18, 'psalms 73-77');
INSERT PlanFullBibleYear ([Month], [Day], [Reading]) VALUES (6, 19, 'psalms 78-80');
INSERT PlanFullBibleYear ([Month], [Day], [Reading]) VALUES (6, 20, 'psalms 81-88');
INSERT PlanFullBibleYear ([Month], [Day], [Reading]) VALUES (6, 21, 'psalms 89-94');
INSERT PlanFullBibleYear ([Month], [Day], [Reading]) VALUES (6, 22, 'psalms 95-103');
INSERT PlanFullBibleYear ([Month], [Day], [Reading]) VALUES (6, 23, 'psalms 104-106');
INSERT PlanFullBibleYear ([Month], [Day], [Reading]) VALUES (6, 24, 'psalms 107-111');
INSERT PlanFullBibleYear ([Month], [Day], [Reading]) VALUES (6, 25, 'psalms 112-118');
INSERT PlanFullBibleYear ([Month], [Day], [Reading]) VALUES (6, 26, 'psalm 119');
INSERT PlanFullBibleYear ([Month], [Day], [Reading]) VALUES (6, 27, 'psalms 120-133');
INSERT PlanFullBibleYear ([Month], [Day], [Reading]) VALUES (6, 28, 'psalms 134-140');
INSERT PlanFullBibleYear ([Month], [Day], [Reading]) VALUES (6, 29, 'psalms 141-150');
INSERT PlanFullBibleYear ([Month], [Day], [Reading]) VALUES (6, 30, 'proverbs 1-3');
INSERT PlanFullBibleYear ([Month], [Day], [Reading]) VALUES (7, 1, 'proverbs 4-7');
INSERT PlanFullBibleYear ([Month], [Day], [Reading]) VALUES (7, 2, 'proverbs 8-11');
INSERT PlanFullBibleYear ([Month], [Day], [Reading]) VALUES (7, 3, 'proverbs 12-14');
INSERT PlanFullBibleYear ([Month], [Day], [Reading]) VALUES (7, 4, 'proverbs 15-17');
INSERT PlanFullBibleYear ([Month], [Day], [Reading]) VALUES (7, 5, 'proverbs 18-20');
INSERT PlanFullBibleYear ([Month], [Day], [Reading]) VALUES (7, 6, 'proverbs 21-23');
INSERT PlanFullBibleYear ([Month], [Day], [Reading]) VALUES (7, 7, 'proverbs 24-26');
INSERT PlanFullBibleYear ([Month], [Day], [Reading]) VALUES (7, 8, 'proverbs 27-29');
INSERT PlanFullBibleYear ([Month], [Day], [Reading]) VALUES (7, 9, 'proverbs 30-31');
INSERT PlanFullBibleYear ([Month], [Day], [Reading]) VALUES (7, 10, 'ecclesiastes 1-4');
INSERT PlanFullBibleYear ([Month], [Day], [Reading]) VALUES (7, 11, 'ecclesiastes 5-8');
INSERT PlanFullBibleYear ([Month], [Day], [Reading]) VALUES (7, 12, 'ecclesiastes 9-12');
INSERT PlanFullBibleYear ([Month], [Day], [Reading]) VALUES (7, 13, 'songofsongs 1-4');
INSERT PlanFullBibleYear ([Month], [Day], [Reading]) VALUES (7, 14, 'songofsongs 5-8');
INSERT PlanFullBibleYear ([Month], [Day], [Reading]) VALUES (7, 15, 'isaiah 1-3');
INSERT PlanFullBibleYear ([Month], [Day], [Reading]) VALUES (7, 16, 'isaiah 4-8');
INSERT PlanFullBibleYear ([Month], [Day], [Reading]) VALUES (7, 17, 'isaiah 9-11');
INSERT PlanFullBibleYear ([Month], [Day], [Reading]) VALUES (7, 18, 'isaiah 12-14');
INSERT PlanFullBibleYear ([Month], [Day], [Reading]) VALUES (7, 19, 'isaiah 15-19');
INSERT PlanFullBibleYear ([Month], [Day], [Reading]) VALUES (7, 20, 'isaiah 20-24');
INSERT PlanFullBibleYear ([Month], [Day], [Reading]) VALUES (7, 21, 'isaiah 25-28');
INSERT PlanFullBibleYear ([Month], [Day], [Reading]) VALUES (7, 22, 'isaiah 29-31');
INSERT PlanFullBibleYear ([Month], [Day], [Reading]) VALUES (7, 23, 'isaiah 32-34');
INSERT PlanFullBibleYear ([Month], [Day], [Reading]) VALUES (7, 24, 'isaiah 35-37');
INSERT PlanFullBibleYear ([Month], [Day], [Reading]) VALUES (7, 25, 'isaiah 38-40');
INSERT PlanFullBibleYear ([Month], [Day], [Reading]) VALUES (7, 26, 'isaiah 41-43');
INSERT PlanFullBibleYear ([Month], [Day], [Reading]) VALUES (7, 27, 'isaiah 44-46');
INSERT PlanFullBibleYear ([Month], [Day], [Reading]) VALUES (7, 28, 'isaiah 47-49');
INSERT PlanFullBibleYear ([Month], [Day], [Reading]) VALUES (7, 29, 'isaiah 50-52');
INSERT PlanFullBibleYear ([Month], [Day], [Reading]) VALUES (7, 30, 'isaiah 53-56');
INSERT PlanFullBibleYear ([Month], [Day], [Reading]) VALUES (7, 31, 'isaiah 57-59');
INSERT PlanFullBibleYear ([Month], [Day], [Reading]) VALUES (8, 1, 'isaiah 60-63');
INSERT PlanFullBibleYear ([Month], [Day], [Reading]) VALUES (8, 2, 'isaiah 64-66');
INSERT PlanFullBibleYear ([Month], [Day], [Reading]) VALUES (8, 3, 'jeremiah 1-3');
INSERT PlanFullBibleYear ([Month], [Day], [Reading]) VALUES (8, 4, 'jeremiah 4-5');
INSERT PlanFullBibleYear ([Month], [Day], [Reading]) VALUES (8, 5, 'jeremiah 6-8');
INSERT PlanFullBibleYear ([Month], [Day], [Reading]) VALUES (8, 6, 'jeremiah 9-11');
INSERT PlanFullBibleYear ([Month], [Day], [Reading]) VALUES (8, 7, 'jeremiah 12-14');
INSERT PlanFullBibleYear ([Month], [Day], [Reading]) VALUES (8, 8, 'jeremiah 15-17');
INSERT PlanFullBibleYear ([Month], [Day], [Reading]) VALUES (8, 9, 'jeremiah 18-21');
INSERT PlanFullBibleYear ([Month], [Day], [Reading]) VALUES (8, 10, 'jeremiah 22-24');
INSERT PlanFullBibleYear ([Month], [Day], [Reading]) VALUES (8, 11, 'jeremiah 25-27');
INSERT PlanFullBibleYear ([Month], [Day], [Reading]) VALUES (8, 12, 'jeremiah 28-30');
INSERT PlanFullBibleYear ([Month], [Day], [Reading]) VALUES (8, 13, 'jeremiah 31-32');
INSERT PlanFullBibleYear ([Month], [Day], [Reading]) VALUES (8, 14, 'jeremiah 33-36');
INSERT PlanFullBibleYear ([Month], [Day], [Reading]) VALUES (8, 15, 'jeremiah 37-39');
INSERT PlanFullBibleYear ([Month], [Day], [Reading]) VALUES (8, 16, 'jeremiah 40-43');
INSERT PlanFullBibleYear ([Month], [Day], [Reading]) VALUES (8, 17, 'jeremiah 44-46');
INSERT PlanFullBibleYear ([Month], [Day], [Reading]) VALUES (8, 18, 'jeremiah 47-48');
INSERT PlanFullBibleYear ([Month], [Day], [Reading]) VALUES (8, 19, 'jeremiah 49');
INSERT PlanFullBibleYear ([Month], [Day], [Reading]) VALUES (8, 20, 'jeremiah 50');
INSERT PlanFullBibleYear ([Month], [Day], [Reading]) VALUES (8, 21, 'jeremiah 51-52');
INSERT PlanFullBibleYear ([Month], [Day], [Reading]) VALUES (8, 22, 'lamentations 1-2');
INSERT PlanFullBibleYear ([Month], [Day], [Reading]) VALUES (8, 23, 'lamentations 3-5');
INSERT PlanFullBibleYear ([Month], [Day], [Reading]) VALUES (8, 24, 'ezekiel 1-4');
INSERT PlanFullBibleYear ([Month], [Day], [Reading]) VALUES (8, 25, 'ezekiel 5-8');
INSERT PlanFullBibleYear ([Month], [Day], [Reading]) VALUES (8, 26, 'ezekiel 9-12');
INSERT PlanFullBibleYear ([Month], [Day], [Reading]) VALUES (8, 27, 'ezekiel 13-15');
INSERT PlanFullBibleYear ([Month], [Day], [Reading]) VALUES (8, 28, 'ezekiel 16-17');
INSERT PlanFullBibleYear ([Month], [Day], [Reading]) VALUES (8, 29, 'ezekiel 18-20');
INSERT PlanFullBibleYear ([Month], [Day], [Reading]) VALUES (8, 30, 'ezekiel 21-22');
INSERT PlanFullBibleYear ([Month], [Day], [Reading]) VALUES (8, 31, 'ezekiel 23-24');
INSERT PlanFullBibleYear ([Month], [Day], [Reading]) VALUES (9, 1, 'ezekiel 25-27');
INSERT PlanFullBibleYear ([Month], [Day], [Reading]) VALUES (9, 2, 'ezekiel 28-30');
INSERT PlanFullBibleYear ([Month], [Day], [Reading]) VALUES (9, 3, 'ezekiel 31-32');
INSERT PlanFullBibleYear ([Month], [Day], [Reading]) VALUES (9, 4, 'ezekiel 33-35');
INSERT PlanFullBibleYear ([Month], [Day], [Reading]) VALUES (9, 5, 'ezekiel 36-38');
INSERT PlanFullBibleYear ([Month], [Day], [Reading]) VALUES (9, 6, 'ezekiel 39-40');
INSERT PlanFullBibleYear ([Month], [Day], [Reading]) VALUES (9, 7, 'ezekiel 41-43');
INSERT PlanFullBibleYear ([Month], [Day], [Reading]) VALUES (9, 8, 'ezekiel 44-46');
INSERT PlanFullBibleYear ([Month], [Day], [Reading]) VALUES (9, 9, 'ezekiel 47-48');
INSERT PlanFullBibleYear ([Month], [Day], [Reading]) VALUES (9, 10, 'daniel 1-3');
INSERT PlanFullBibleYear ([Month], [Day], [Reading]) VALUES (9, 11, 'daniel 4-5');
INSERT PlanFullBibleYear ([Month], [Day], [Reading]) VALUES (9, 12, 'daniel 6-8');
INSERT PlanFullBibleYear ([Month], [Day], [Reading]) VALUES (9, 13, 'daniel 9-12');
INSERT PlanFullBibleYear ([Month], [Day], [Reading]) VALUES (9, 14, 'hosea 1-4');
INSERT PlanFullBibleYear ([Month], [Day], [Reading]) VALUES (9, 15, 'hosea 5-9');
INSERT PlanFullBibleYear ([Month], [Day], [Reading]) VALUES (9, 16, 'hosea 10-14');
INSERT PlanFullBibleYear ([Month], [Day], [Reading]) VALUES (9, 17, 'joel 1-3');
INSERT PlanFullBibleYear ([Month], [Day], [Reading]) VALUES (9, 18, 'amos 1-4');
INSERT PlanFullBibleYear ([Month], [Day], [Reading]) VALUES (9, 19, 'amos 5-9');
INSERT PlanFullBibleYear ([Month], [Day], [Reading]) VALUES (9, 20, 'obadiah 1');
INSERT PlanFullBibleYear ([Month], [Day], [Reading]) VALUES (9, 21, 'jonah 1-4');
INSERT PlanFullBibleYear ([Month], [Day], [Reading]) VALUES (9, 22, 'micah 1-4');
INSERT PlanFullBibleYear ([Month], [Day], [Reading]) VALUES (9, 23, 'micah 5-7');
INSERT PlanFullBibleYear ([Month], [Day], [Reading]) VALUES (9, 24, 'nahum 1-3');
INSERT PlanFullBibleYear ([Month], [Day], [Reading]) VALUES (9, 25, 'habakkuk 1-3');
INSERT PlanFullBibleYear ([Month], [Day], [Reading]) VALUES (9, 26, 'zephaniah 1-3');
INSERT PlanFullBibleYear ([Month], [Day], [Reading]) VALUES (9, 27, 'haggai 1-2');
INSERT PlanFullBibleYear ([Month], [Day], [Reading]) VALUES (9, 28, 'zechariah 1-5');
INSERT PlanFullBibleYear ([Month], [Day], [Reading]) VALUES (9, 29, 'zechariah 6-10');
INSERT PlanFullBibleYear ([Month], [Day], [Reading]) VALUES (9, 30, 'zechariah 11-14');
INSERT PlanFullBibleYear ([Month], [Day], [Reading]) VALUES (10, 1, 'malachi 1-4');
INSERT PlanFullBibleYear ([Month], [Day], [Reading]) VALUES (10, 2, 'matthew 1-4');
INSERT PlanFullBibleYear ([Month], [Day], [Reading]) VALUES (10, 3, 'matthew 5-6');
INSERT PlanFullBibleYear ([Month], [Day], [Reading]) VALUES (10, 4, 'matthew 7-9');
INSERT PlanFullBibleYear ([Month], [Day], [Reading]) VALUES (10, 5, 'matthew 10-11');
INSERT PlanFullBibleYear ([Month], [Day], [Reading]) VALUES (10, 6, 'matthew 12-13');
INSERT PlanFullBibleYear ([Month], [Day], [Reading]) VALUES (10, 7, 'matthew 14-17');
INSERT PlanFullBibleYear ([Month], [Day], [Reading]) VALUES (10, 8, 'matthew 18-20');
INSERT PlanFullBibleYear ([Month], [Day], [Reading]) VALUES (10, 9, 'matthew 21-22');
INSERT PlanFullBibleYear ([Month], [Day], [Reading]) VALUES (10, 10, 'matthew 23-24');
INSERT PlanFullBibleYear ([Month], [Day], [Reading]) VALUES (10, 11, 'matthew 25-26');
INSERT PlanFullBibleYear ([Month], [Day], [Reading]) VALUES (10, 12, 'matthew 27-28');
INSERT PlanFullBibleYear ([Month], [Day], [Reading]) VALUES (10, 13, 'mark 1-3');
INSERT PlanFullBibleYear ([Month], [Day], [Reading]) VALUES (10, 14, 'mark 4-5');
INSERT PlanFullBibleYear ([Month], [Day], [Reading]) VALUES (10, 15, 'mark 6-7');
INSERT PlanFullBibleYear ([Month], [Day], [Reading]) VALUES (10, 16, 'mark 8-9');
INSERT PlanFullBibleYear ([Month], [Day], [Reading]) VALUES (10, 17, 'mark 10-11');
INSERT PlanFullBibleYear ([Month], [Day], [Reading]) VALUES (10, 18, 'mark 12-13');
INSERT PlanFullBibleYear ([Month], [Day], [Reading]) VALUES (10, 19, 'mark 14');
INSERT PlanFullBibleYear ([Month], [Day], [Reading]) VALUES (10, 20, 'mark 15-16');
INSERT PlanFullBibleYear ([Month], [Day], [Reading]) VALUES (10, 21, 'luke 1-2');
INSERT PlanFullBibleYear ([Month], [Day], [Reading]) VALUES (10, 22, 'luke 3-4');
INSERT PlanFullBibleYear ([Month], [Day], [Reading]) VALUES (10, 23, 'luke 5-6');
INSERT PlanFullBibleYear ([Month], [Day], [Reading]) VALUES (10, 24, 'luke 7-8');
INSERT PlanFullBibleYear ([Month], [Day], [Reading]) VALUES (10, 25, 'luke 9-10');
INSERT PlanFullBibleYear ([Month], [Day], [Reading]) VALUES (10, 26, 'luke 11-12');
INSERT PlanFullBibleYear ([Month], [Day], [Reading]) VALUES (10, 27, 'luke 13-15');
INSERT PlanFullBibleYear ([Month], [Day], [Reading]) VALUES (10, 28, 'luke 16-18');
INSERT PlanFullBibleYear ([Month], [Day], [Reading]) VALUES (10, 29, 'luke 19-20');
INSERT PlanFullBibleYear ([Month], [Day], [Reading]) VALUES (10, 30, 'luke 21-22');
INSERT PlanFullBibleYear ([Month], [Day], [Reading]) VALUES (10, 31, 'luke 23-24');
INSERT PlanFullBibleYear ([Month], [Day], [Reading]) VALUES (11, 1, 'john 1-2');
INSERT PlanFullBibleYear ([Month], [Day], [Reading]) VALUES (11, 2, 'john 3-4');
INSERT PlanFullBibleYear ([Month], [Day], [Reading]) VALUES (11, 3, 'john 5-6');
INSERT PlanFullBibleYear ([Month], [Day], [Reading]) VALUES (11, 4, 'john 7-8');
INSERT PlanFullBibleYear ([Month], [Day], [Reading]) VALUES (11, 5, 'john 9-10');
INSERT PlanFullBibleYear ([Month], [Day], [Reading]) VALUES (11, 6, 'john 11-12');
INSERT PlanFullBibleYear ([Month], [Day], [Reading]) VALUES (11, 7, 'john 13-15');
INSERT PlanFullBibleYear ([Month], [Day], [Reading]) VALUES (11, 8, 'john 16-17');
INSERT PlanFullBibleYear ([Month], [Day], [Reading]) VALUES (11, 9, 'john 18-19');
INSERT PlanFullBibleYear ([Month], [Day], [Reading]) VALUES (11, 10, 'john 20-21');
INSERT PlanFullBibleYear ([Month], [Day], [Reading]) VALUES (11, 11, 'acts 1-3');
INSERT PlanFullBibleYear ([Month], [Day], [Reading]) VALUES (11, 12, 'acts 4-5');
INSERT PlanFullBibleYear ([Month], [Day], [Reading]) VALUES (11, 13, 'acts 6-7');
INSERT PlanFullBibleYear ([Month], [Day], [Reading]) VALUES (11, 14, 'acts 8-9');
INSERT PlanFullBibleYear ([Month], [Day], [Reading]) VALUES (11, 15, 'acts 10-11');
INSERT PlanFullBibleYear ([Month], [Day], [Reading]) VALUES (11, 16, 'acts 12-13');
INSERT PlanFullBibleYear ([Month], [Day], [Reading]) VALUES (11, 17, 'acts 14-15');
INSERT PlanFullBibleYear ([Month], [Day], [Reading]) VALUES (11, 18, 'acts 16-17');
INSERT PlanFullBibleYear ([Month], [Day], [Reading]) VALUES (11, 19, 'acts 18-19');
INSERT PlanFullBibleYear ([Month], [Day], [Reading]) VALUES (11, 20, 'acts 20-21');
INSERT PlanFullBibleYear ([Month], [Day], [Reading]) VALUES (11, 21, 'acts 22-23');
INSERT PlanFullBibleYear ([Month], [Day], [Reading]) VALUES (11, 22, 'acts 24-26');
INSERT PlanFullBibleYear ([Month], [Day], [Reading]) VALUES (11, 23, 'acts 27-28');
INSERT PlanFullBibleYear ([Month], [Day], [Reading]) VALUES (11, 24, 'romans 1-3');
INSERT PlanFullBibleYear ([Month], [Day], [Reading]) VALUES (11, 25, 'romans 4-7');
INSERT PlanFullBibleYear ([Month], [Day], [Reading]) VALUES (11, 26, 'romans 8-10');
INSERT PlanFullBibleYear ([Month], [Day], [Reading]) VALUES (11, 27, 'romans 11-14');
INSERT PlanFullBibleYear ([Month], [Day], [Reading]) VALUES (11, 28, 'romans 15-16');
INSERT PlanFullBibleYear ([Month], [Day], [Reading]) VALUES (11, 29, '1corinthians 1-4');
INSERT PlanFullBibleYear ([Month], [Day], [Reading]) VALUES (11, 30, '1corinthians 5-9');
INSERT PlanFullBibleYear ([Month], [Day], [Reading]) VALUES (12, 1, '1corinthians 10-13');
INSERT PlanFullBibleYear ([Month], [Day], [Reading]) VALUES (12, 2, '1corinthians 14-16');
INSERT PlanFullBibleYear ([Month], [Day], [Reading]) VALUES (12, 3, '2corinthians 1-4');
INSERT PlanFullBibleYear ([Month], [Day], [Reading]) VALUES (12, 4, '2corinthians 5-9');
INSERT PlanFullBibleYear ([Month], [Day], [Reading]) VALUES (12, 5, '2corinthians 10-13');
INSERT PlanFullBibleYear ([Month], [Day], [Reading]) VALUES (12, 6, 'galatians 1-3');
INSERT PlanFullBibleYear ([Month], [Day], [Reading]) VALUES (12, 7, 'galatians 4-6');
INSERT PlanFullBibleYear ([Month], [Day], [Reading]) VALUES (12, 8, 'ephesians 1-3');
INSERT PlanFullBibleYear ([Month], [Day], [Reading]) VALUES (12, 9, 'ephesians 4-6');
INSERT PlanFullBibleYear ([Month], [Day], [Reading]) VALUES (12, 10, 'philippians 1-4');
INSERT PlanFullBibleYear ([Month], [Day], [Reading]) VALUES (12, 11, 'colossians 1-4');
INSERT PlanFullBibleYear ([Month], [Day], [Reading]) VALUES (12, 12, '1thessalonians 1-5');
INSERT PlanFullBibleYear ([Month], [Day], [Reading]) VALUES (12, 13, '2thessalonians 1-3');
INSERT PlanFullBibleYear ([Month], [Day], [Reading]) VALUES (12, 14, '1timothy 1-6');
INSERT PlanFullBibleYear ([Month], [Day], [Reading]) VALUES (12, 15, '2timothy 1-4');
INSERT PlanFullBibleYear ([Month], [Day], [Reading]) VALUES (12, 16, 'philemon 1; titus 1-3');
INSERT PlanFullBibleYear ([Month], [Day], [Reading]) VALUES (12, 17, 'hebrews 1-4');
INSERT PlanFullBibleYear ([Month], [Day], [Reading]) VALUES (12, 18, 'hebrews 5-8');
INSERT PlanFullBibleYear ([Month], [Day], [Reading]) VALUES (12, 19, 'hebrews 9-10');
INSERT PlanFullBibleYear ([Month], [Day], [Reading]) VALUES (12, 20, 'hebrews 11-13');
INSERT PlanFullBibleYear ([Month], [Day], [Reading]) VALUES (12, 21, 'james 1-5');
INSERT PlanFullBibleYear ([Month], [Day], [Reading]) VALUES (12, 22, '1peter 1-5; 2peter 1-3');
INSERT PlanFullBibleYear ([Month], [Day], [Reading]) VALUES (12, 23, '1john 1-5');
INSERT PlanFullBibleYear ([Month], [Day], [Reading]) VALUES (12, 24, '2john 1; 3john 1; jude 1');
INSERT PlanFullBibleYear ([Month], [Day], [Reading]) VALUES (12, 25, 'revelation 1-3');
INSERT PlanFullBibleYear ([Month], [Day], [Reading]) VALUES (12, 26, 'revelation 4-7');
INSERT PlanFullBibleYear ([Month], [Day], [Reading]) VALUES (12, 27, 'revelation 8-11');
INSERT PlanFullBibleYear ([Month], [Day], [Reading]) VALUES (12, 28, 'revelation 12-14');
INSERT PlanFullBibleYear ([Month], [Day], [Reading]) VALUES (12, 29, 'revelation 15-17');
INSERT PlanFullBibleYear ([Month], [Day], [Reading]) VALUES (12, 30, 'revelation 18-19');
INSERT PlanFullBibleYear ([Month], [Day], [Reading]) VALUES (12, 31, 'revelation 20-22');
GO

INSERT INTO PlanNewTestamentYear ([Week], [DayOfWeek], [Reading]) VALUES (1, 'Monday', 'matthew 1');
INSERT INTO PlanNewTestamentYear ([Week], [DayOfWeek], [Reading]) VALUES (1, 'Tuesday', 'matthew 2');
INSERT INTO PlanNewTestamentYear ([Week], [DayOfWeek], [Reading]) VALUES (1, 'Wednesday', 'matthew 3');
INSERT INTO PlanNewTestamentYear ([Week], [DayOfWeek], [Reading]) VALUES (1, 'Thursday', 'matthew 4');
INSERT INTO PlanNewTestamentYear ([Week], [DayOfWeek], [Reading]) VALUES (1, 'Friday', 'matthew 5');
INSERT INTO PlanNewTestamentYear ([Week], [DayOfWeek], [Reading]) VALUES (2, 'Monday', 'matthew 6');
INSERT INTO PlanNewTestamentYear ([Week], [DayOfWeek], [Reading]) VALUES (2, 'Tuesday', 'matthew 7');
INSERT INTO PlanNewTestamentYear ([Week], [DayOfWeek], [Reading]) VALUES (2, 'Wednesday', 'matthew 8');
INSERT INTO PlanNewTestamentYear ([Week], [DayOfWeek], [Reading]) VALUES (2, 'Thursday', 'matthew 9');
INSERT INTO PlanNewTestamentYear ([Week], [DayOfWeek], [Reading]) VALUES (2, 'Friday', 'matthew 10');
INSERT INTO PlanNewTestamentYear ([Week], [DayOfWeek], [Reading]) VALUES (3, 'Monday', 'matthew 11');
INSERT INTO PlanNewTestamentYear ([Week], [DayOfWeek], [Reading]) VALUES (3, 'Tuesday', 'matthew 12');
INSERT INTO PlanNewTestamentYear ([Week], [DayOfWeek], [Reading]) VALUES (3, 'Wednesday', 'matthew 13');
INSERT INTO PlanNewTestamentYear ([Week], [DayOfWeek], [Reading]) VALUES (3, 'Thursday', 'matthew 14');
INSERT INTO PlanNewTestamentYear ([Week], [DayOfWeek], [Reading]) VALUES (3, 'Friday', 'matthew 15');
INSERT INTO PlanNewTestamentYear ([Week], [DayOfWeek], [Reading]) VALUES (4, 'Monday', 'matthew 16');
INSERT INTO PlanNewTestamentYear ([Week], [DayOfWeek], [Reading]) VALUES (4, 'Tuesday', 'matthew 17');
INSERT INTO PlanNewTestamentYear ([Week], [DayOfWeek], [Reading]) VALUES (4, 'Wednesday', 'matthew 18');
INSERT INTO PlanNewTestamentYear ([Week], [DayOfWeek], [Reading]) VALUES (4, 'Thursday', 'matthew 19');
INSERT INTO PlanNewTestamentYear ([Week], [DayOfWeek], [Reading]) VALUES (4, 'Friday', 'matthew 20');
INSERT INTO PlanNewTestamentYear ([Week], [DayOfWeek], [Reading]) VALUES (5, 'Monday', 'matthew 21');
INSERT INTO PlanNewTestamentYear ([Week], [DayOfWeek], [Reading]) VALUES (5, 'Tuesday', 'matthew 22');
INSERT INTO PlanNewTestamentYear ([Week], [DayOfWeek], [Reading]) VALUES (5, 'Wednesday', 'matthew 23');
INSERT INTO PlanNewTestamentYear ([Week], [DayOfWeek], [Reading]) VALUES (5, 'Thursday', 'matthew 24');
INSERT INTO PlanNewTestamentYear ([Week], [DayOfWeek], [Reading]) VALUES (5, 'Friday', 'matthew 25');
INSERT INTO PlanNewTestamentYear ([Week], [DayOfWeek], [Reading]) VALUES (6, 'Monday', 'matthew 26');
INSERT INTO PlanNewTestamentYear ([Week], [DayOfWeek], [Reading]) VALUES (6, 'Tuesday', 'matthew 27');
INSERT INTO PlanNewTestamentYear ([Week], [DayOfWeek], [Reading]) VALUES (6, 'Wednesday', 'matthew 28');
INSERT INTO PlanNewTestamentYear ([Week], [DayOfWeek], [Reading]) VALUES (6, 'Thursday', 'mark 1');
INSERT INTO PlanNewTestamentYear ([Week], [DayOfWeek], [Reading]) VALUES (6, 'Friday', 'mark 2');
INSERT INTO PlanNewTestamentYear ([Week], [DayOfWeek], [Reading]) VALUES (7, 'Monday', 'mark 3');
INSERT INTO PlanNewTestamentYear ([Week], [DayOfWeek], [Reading]) VALUES (7, 'Tuesday', 'mark 4');
INSERT INTO PlanNewTestamentYear ([Week], [DayOfWeek], [Reading]) VALUES (7, 'Wednesday', 'mark 5');
INSERT INTO PlanNewTestamentYear ([Week], [DayOfWeek], [Reading]) VALUES (7, 'Thursday', 'mark 6');
INSERT INTO PlanNewTestamentYear ([Week], [DayOfWeek], [Reading]) VALUES (7, 'Friday', 'mark 7');
INSERT INTO PlanNewTestamentYear ([Week], [DayOfWeek], [Reading]) VALUES (8, 'Monday', 'mark 8');
INSERT INTO PlanNewTestamentYear ([Week], [DayOfWeek], [Reading]) VALUES (8, 'Tuesday', 'mark 9');
INSERT INTO PlanNewTestamentYear ([Week], [DayOfWeek], [Reading]) VALUES (8, 'Wednesday', 'mark 10');
INSERT INTO PlanNewTestamentYear ([Week], [DayOfWeek], [Reading]) VALUES (8, 'Thursday', 'mark 11');
INSERT INTO PlanNewTestamentYear ([Week], [DayOfWeek], [Reading]) VALUES (8, 'Friday', 'mark 12');
INSERT INTO PlanNewTestamentYear ([Week], [DayOfWeek], [Reading]) VALUES (9, 'Monday', 'mark 13');
INSERT INTO PlanNewTestamentYear ([Week], [DayOfWeek], [Reading]) VALUES (9, 'Tuesday', 'mark 14');
INSERT INTO PlanNewTestamentYear ([Week], [DayOfWeek], [Reading]) VALUES (9, 'Wednesday', 'mark 15');
INSERT INTO PlanNewTestamentYear ([Week], [DayOfWeek], [Reading]) VALUES (9, 'Thursday', 'mark 16');
INSERT INTO PlanNewTestamentYear ([Week], [DayOfWeek], [Reading]) VALUES (9, 'Friday', 'luke 1');
INSERT INTO PlanNewTestamentYear ([Week], [DayOfWeek], [Reading]) VALUES (10, 'Monday', 'luke 2');
INSERT INTO PlanNewTestamentYear ([Week], [DayOfWeek], [Reading]) VALUES (10, 'Tuesday', 'luke 3');
INSERT INTO PlanNewTestamentYear ([Week], [DayOfWeek], [Reading]) VALUES (10, 'Wednesday', 'luke 4');
INSERT INTO PlanNewTestamentYear ([Week], [DayOfWeek], [Reading]) VALUES (10, 'Thursday', 'luke 5');
INSERT INTO PlanNewTestamentYear ([Week], [DayOfWeek], [Reading]) VALUES (10, 'Friday', 'luke 6');
INSERT INTO PlanNewTestamentYear ([Week], [DayOfWeek], [Reading]) VALUES (11, 'Monday', 'luke 7');
INSERT INTO PlanNewTestamentYear ([Week], [DayOfWeek], [Reading]) VALUES (11, 'Tuesday', 'luke 8');
INSERT INTO PlanNewTestamentYear ([Week], [DayOfWeek], [Reading]) VALUES (11, 'Wednesday', 'luke 9');
INSERT INTO PlanNewTestamentYear ([Week], [DayOfWeek], [Reading]) VALUES (11, 'Thursday', 'luke 10');
INSERT INTO PlanNewTestamentYear ([Week], [DayOfWeek], [Reading]) VALUES (11, 'Friday', 'luke 11');
INSERT INTO PlanNewTestamentYear ([Week], [DayOfWeek], [Reading]) VALUES (12, 'Monday', 'luke 12');
INSERT INTO PlanNewTestamentYear ([Week], [DayOfWeek], [Reading]) VALUES (12, 'Tuesday', 'luke 13');
INSERT INTO PlanNewTestamentYear ([Week], [DayOfWeek], [Reading]) VALUES (12, 'Wednesday', 'luke 14');
INSERT INTO PlanNewTestamentYear ([Week], [DayOfWeek], [Reading]) VALUES (12, 'Thursday', 'luke 15');
INSERT INTO PlanNewTestamentYear ([Week], [DayOfWeek], [Reading]) VALUES (12, 'Friday', 'luke 16');
INSERT INTO PlanNewTestamentYear ([Week], [DayOfWeek], [Reading]) VALUES (13, 'Monday', 'luke 17');
INSERT INTO PlanNewTestamentYear ([Week], [DayOfWeek], [Reading]) VALUES (13, 'Tuesday', 'luke 18');
INSERT INTO PlanNewTestamentYear ([Week], [DayOfWeek], [Reading]) VALUES (13, 'Wednesday', 'luke 19');
INSERT INTO PlanNewTestamentYear ([Week], [DayOfWeek], [Reading]) VALUES (13, 'Thursday', 'luke 20');
INSERT INTO PlanNewTestamentYear ([Week], [DayOfWeek], [Reading]) VALUES (13, 'Friday', 'luke 21');
INSERT INTO PlanNewTestamentYear ([Week], [DayOfWeek], [Reading]) VALUES (14, 'Monday', 'luke 22');
INSERT INTO PlanNewTestamentYear ([Week], [DayOfWeek], [Reading]) VALUES (14, 'Tuesday', 'luke 23');
INSERT INTO PlanNewTestamentYear ([Week], [DayOfWeek], [Reading]) VALUES (14, 'Wednesday', 'luke 24');
INSERT INTO PlanNewTestamentYear ([Week], [DayOfWeek], [Reading]) VALUES (14, 'Thursday', 'john 1');
INSERT INTO PlanNewTestamentYear ([Week], [DayOfWeek], [Reading]) VALUES (14, 'Friday', 'john 2');
INSERT INTO PlanNewTestamentYear ([Week], [DayOfWeek], [Reading]) VALUES (15, 'Monday', 'john 3');
INSERT INTO PlanNewTestamentYear ([Week], [DayOfWeek], [Reading]) VALUES (15, 'Tuesday', 'john 4');
INSERT INTO PlanNewTestamentYear ([Week], [DayOfWeek], [Reading]) VALUES (15, 'Wednesday', 'john 5');
INSERT INTO PlanNewTestamentYear ([Week], [DayOfWeek], [Reading]) VALUES (15, 'Thursday', 'john 6');
INSERT INTO PlanNewTestamentYear ([Week], [DayOfWeek], [Reading]) VALUES (15, 'Friday', 'john 7');
INSERT INTO PlanNewTestamentYear ([Week], [DayOfWeek], [Reading]) VALUES (16, 'Monday', 'john 8');
INSERT INTO PlanNewTestamentYear ([Week], [DayOfWeek], [Reading]) VALUES (16, 'Tuesday', 'john 9');
INSERT INTO PlanNewTestamentYear ([Week], [DayOfWeek], [Reading]) VALUES (16, 'Wednesday', 'john 10');
INSERT INTO PlanNewTestamentYear ([Week], [DayOfWeek], [Reading]) VALUES (16, 'Thursday', 'john 11');
INSERT INTO PlanNewTestamentYear ([Week], [DayOfWeek], [Reading]) VALUES (16, 'Friday', 'john 12');
INSERT INTO PlanNewTestamentYear ([Week], [DayOfWeek], [Reading]) VALUES (17, 'Monday', 'john 13');
INSERT INTO PlanNewTestamentYear ([Week], [DayOfWeek], [Reading]) VALUES (17, 'Tuesday', 'john 14');
INSERT INTO PlanNewTestamentYear ([Week], [DayOfWeek], [Reading]) VALUES (17, 'Wednesday', 'john 15');
INSERT INTO PlanNewTestamentYear ([Week], [DayOfWeek], [Reading]) VALUES (17, 'Thursday', 'john 16');
INSERT INTO PlanNewTestamentYear ([Week], [DayOfWeek], [Reading]) VALUES (17, 'Friday', 'john 17');
INSERT INTO PlanNewTestamentYear ([Week], [DayOfWeek], [Reading]) VALUES (18, 'Monday', 'john 18');
INSERT INTO PlanNewTestamentYear ([Week], [DayOfWeek], [Reading]) VALUES (18, 'Tuesday', 'john 19');
INSERT INTO PlanNewTestamentYear ([Week], [DayOfWeek], [Reading]) VALUES (18, 'Wednesday', 'john 20');
INSERT INTO PlanNewTestamentYear ([Week], [DayOfWeek], [Reading]) VALUES (18, 'Thursday', 'john 21');
INSERT INTO PlanNewTestamentYear ([Week], [DayOfWeek], [Reading]) VALUES (18, 'Friday', 'acts 1');
INSERT INTO PlanNewTestamentYear ([Week], [DayOfWeek], [Reading]) VALUES (19, 'Monday', 'acts 2');
INSERT INTO PlanNewTestamentYear ([Week], [DayOfWeek], [Reading]) VALUES (19, 'Tuesday', 'acts 3');
INSERT INTO PlanNewTestamentYear ([Week], [DayOfWeek], [Reading]) VALUES (19, 'Wednesday', 'acts 4');
INSERT INTO PlanNewTestamentYear ([Week], [DayOfWeek], [Reading]) VALUES (19, 'Thursday', 'acts 5');
INSERT INTO PlanNewTestamentYear ([Week], [DayOfWeek], [Reading]) VALUES (19, 'Friday', 'acts 6');
INSERT INTO PlanNewTestamentYear ([Week], [DayOfWeek], [Reading]) VALUES (20, 'Monday', 'acts 7');
INSERT INTO PlanNewTestamentYear ([Week], [DayOfWeek], [Reading]) VALUES (20, 'Tuesday', 'acts 8');
INSERT INTO PlanNewTestamentYear ([Week], [DayOfWeek], [Reading]) VALUES (20, 'Wednesday', 'acts 9');
INSERT INTO PlanNewTestamentYear ([Week], [DayOfWeek], [Reading]) VALUES (20, 'Thursday', 'acts 10');
INSERT INTO PlanNewTestamentYear ([Week], [DayOfWeek], [Reading]) VALUES (20, 'Friday', 'acts 11');
INSERT INTO PlanNewTestamentYear ([Week], [DayOfWeek], [Reading]) VALUES (21, 'Monday', 'acts 12');
INSERT INTO PlanNewTestamentYear ([Week], [DayOfWeek], [Reading]) VALUES (21, 'Tuesday', 'acts 13');
INSERT INTO PlanNewTestamentYear ([Week], [DayOfWeek], [Reading]) VALUES (21, 'Wednesday', 'acts 14');
INSERT INTO PlanNewTestamentYear ([Week], [DayOfWeek], [Reading]) VALUES (21, 'Thursday', 'acts 15');
INSERT INTO PlanNewTestamentYear ([Week], [DayOfWeek], [Reading]) VALUES (21, 'Friday', 'acts 16');
INSERT INTO PlanNewTestamentYear ([Week], [DayOfWeek], [Reading]) VALUES (22, 'Monday', 'acts 17');
INSERT INTO PlanNewTestamentYear ([Week], [DayOfWeek], [Reading]) VALUES (22, 'Tuesday', 'acts 18');
INSERT INTO PlanNewTestamentYear ([Week], [DayOfWeek], [Reading]) VALUES (22, 'Wednesday', 'acts 19');
INSERT INTO PlanNewTestamentYear ([Week], [DayOfWeek], [Reading]) VALUES (22, 'Thursday', 'acts 20');
INSERT INTO PlanNewTestamentYear ([Week], [DayOfWeek], [Reading]) VALUES (22, 'Friday', 'acts 21');
INSERT INTO PlanNewTestamentYear ([Week], [DayOfWeek], [Reading]) VALUES (23, 'Monday', 'acts 22');
INSERT INTO PlanNewTestamentYear ([Week], [DayOfWeek], [Reading]) VALUES (23, 'Tuesday', 'acts 23');
INSERT INTO PlanNewTestamentYear ([Week], [DayOfWeek], [Reading]) VALUES (23, 'Wednesday', 'acts 24');
INSERT INTO PlanNewTestamentYear ([Week], [DayOfWeek], [Reading]) VALUES (23, 'Thursday', 'acts 25');
INSERT INTO PlanNewTestamentYear ([Week], [DayOfWeek], [Reading]) VALUES (23, 'Friday', 'acts 26');
INSERT INTO PlanNewTestamentYear ([Week], [DayOfWeek], [Reading]) VALUES (24, 'Monday', 'acts 27');
INSERT INTO PlanNewTestamentYear ([Week], [DayOfWeek], [Reading]) VALUES (24, 'Tuesday', 'acts 28');
INSERT INTO PlanNewTestamentYear ([Week], [DayOfWeek], [Reading]) VALUES (24, 'Wednesday', 'romans 1');
INSERT INTO PlanNewTestamentYear ([Week], [DayOfWeek], [Reading]) VALUES (24, 'Thursday', 'romans 2');
INSERT INTO PlanNewTestamentYear ([Week], [DayOfWeek], [Reading]) VALUES (24, 'Friday', 'romans 3');
INSERT INTO PlanNewTestamentYear ([Week], [DayOfWeek], [Reading]) VALUES (25, 'Monday', 'romans 4');
INSERT INTO PlanNewTestamentYear ([Week], [DayOfWeek], [Reading]) VALUES (25, 'Tuesday', 'romans 5');
INSERT INTO PlanNewTestamentYear ([Week], [DayOfWeek], [Reading]) VALUES (25, 'Wednesday', 'romans 6');
INSERT INTO PlanNewTestamentYear ([Week], [DayOfWeek], [Reading]) VALUES (25, 'Thursday', 'romans 7');
INSERT INTO PlanNewTestamentYear ([Week], [DayOfWeek], [Reading]) VALUES (25, 'Friday', 'romans 8');
INSERT INTO PlanNewTestamentYear ([Week], [DayOfWeek], [Reading]) VALUES (26, 'Monday', 'romans 9');
INSERT INTO PlanNewTestamentYear ([Week], [DayOfWeek], [Reading]) VALUES (26, 'Tuesday', 'romans 10');
INSERT INTO PlanNewTestamentYear ([Week], [DayOfWeek], [Reading]) VALUES (26, 'Wednesday', 'romans 11');
INSERT INTO PlanNewTestamentYear ([Week], [DayOfWeek], [Reading]) VALUES (26, 'Thursday', 'romans 12');
INSERT INTO PlanNewTestamentYear ([Week], [DayOfWeek], [Reading]) VALUES (26, 'Friday', 'romans 13');
INSERT INTO PlanNewTestamentYear ([Week], [DayOfWeek], [Reading]) VALUES (27, 'Monday', 'romans 14');
INSERT INTO PlanNewTestamentYear ([Week], [DayOfWeek], [Reading]) VALUES (27, 'Tuesday', 'romans 15');
INSERT INTO PlanNewTestamentYear ([Week], [DayOfWeek], [Reading]) VALUES (27, 'Wednesday', 'romans 16');
INSERT INTO PlanNewTestamentYear ([Week], [DayOfWeek], [Reading]) VALUES (27, 'Thursday', '1corinthians 1');
INSERT INTO PlanNewTestamentYear ([Week], [DayOfWeek], [Reading]) VALUES (27, 'Friday', '1corinthians 2');
INSERT INTO PlanNewTestamentYear ([Week], [DayOfWeek], [Reading]) VALUES (28, 'Monday', '1corinthians 3');
INSERT INTO PlanNewTestamentYear ([Week], [DayOfWeek], [Reading]) VALUES (28, 'Tuesday', '1corinthians 4');
INSERT INTO PlanNewTestamentYear ([Week], [DayOfWeek], [Reading]) VALUES (28, 'Wednesday', '1corinthians 5');
INSERT INTO PlanNewTestamentYear ([Week], [DayOfWeek], [Reading]) VALUES (28, 'Thursday', '1corinthians 6');
INSERT INTO PlanNewTestamentYear ([Week], [DayOfWeek], [Reading]) VALUES (28, 'Friday', '1corinthians 7');
INSERT INTO PlanNewTestamentYear ([Week], [DayOfWeek], [Reading]) VALUES (29, 'Monday', '1corinthians 8');
INSERT INTO PlanNewTestamentYear ([Week], [DayOfWeek], [Reading]) VALUES (29, 'Tuesday', '1corinthians 9');
INSERT INTO PlanNewTestamentYear ([Week], [DayOfWeek], [Reading]) VALUES (29, 'Wednesday', '1corinthians 10');
INSERT INTO PlanNewTestamentYear ([Week], [DayOfWeek], [Reading]) VALUES (29, 'Thursday', '1corinthians 11');
INSERT INTO PlanNewTestamentYear ([Week], [DayOfWeek], [Reading]) VALUES (29, 'Friday', '1corinthians 12');
INSERT INTO PlanNewTestamentYear ([Week], [DayOfWeek], [Reading]) VALUES (30, 'Monday', '1corinthians 13');
INSERT INTO PlanNewTestamentYear ([Week], [DayOfWeek], [Reading]) VALUES (30, 'Tuesday', '1corinthians 14');
INSERT INTO PlanNewTestamentYear ([Week], [DayOfWeek], [Reading]) VALUES (30, 'Wednesday', '1corinthians 15');
INSERT INTO PlanNewTestamentYear ([Week], [DayOfWeek], [Reading]) VALUES (30, 'Thursday', '1corinthians 16');
INSERT INTO PlanNewTestamentYear ([Week], [DayOfWeek], [Reading]) VALUES (30, 'Friday', '2corinthians 1');
INSERT INTO PlanNewTestamentYear ([Week], [DayOfWeek], [Reading]) VALUES (31, 'Monday', '2corinthians 2');
INSERT INTO PlanNewTestamentYear ([Week], [DayOfWeek], [Reading]) VALUES (31, 'Tuesday', '2corinthians 3');
INSERT INTO PlanNewTestamentYear ([Week], [DayOfWeek], [Reading]) VALUES (31, 'Wednesday', '2corinthians 4');
INSERT INTO PlanNewTestamentYear ([Week], [DayOfWeek], [Reading]) VALUES (31, 'Thursday', '2corinthians 5');
INSERT INTO PlanNewTestamentYear ([Week], [DayOfWeek], [Reading]) VALUES (31, 'Friday', '2corinthians 6');
INSERT INTO PlanNewTestamentYear ([Week], [DayOfWeek], [Reading]) VALUES (32, 'Monday', '2corinthians 7');
INSERT INTO PlanNewTestamentYear ([Week], [DayOfWeek], [Reading]) VALUES (32, 'Tuesday', '2corinthians 8');
INSERT INTO PlanNewTestamentYear ([Week], [DayOfWeek], [Reading]) VALUES (32, 'Wednesday', '2corinthians 9');
INSERT INTO PlanNewTestamentYear ([Week], [DayOfWeek], [Reading]) VALUES (32, 'Thursday', '2corinthians 10');
INSERT INTO PlanNewTestamentYear ([Week], [DayOfWeek], [Reading]) VALUES (32, 'Friday', '2corinthians 11');
INSERT INTO PlanNewTestamentYear ([Week], [DayOfWeek], [Reading]) VALUES (33, 'Monday', '2corinthians 12');
INSERT INTO PlanNewTestamentYear ([Week], [DayOfWeek], [Reading]) VALUES (33, 'Tuesday', '2corinthians 13');
INSERT INTO PlanNewTestamentYear ([Week], [DayOfWeek], [Reading]) VALUES (33, 'Wednesday', 'galatians 1');
INSERT INTO PlanNewTestamentYear ([Week], [DayOfWeek], [Reading]) VALUES (33, 'Thursday', 'galatians 2');
INSERT INTO PlanNewTestamentYear ([Week], [DayOfWeek], [Reading]) VALUES (33, 'Friday', 'galatians 3');
INSERT INTO PlanNewTestamentYear ([Week], [DayOfWeek], [Reading]) VALUES (34, 'Monday', 'galatians 4');
INSERT INTO PlanNewTestamentYear ([Week], [DayOfWeek], [Reading]) VALUES (34, 'Tuesday', 'galatians 5');
INSERT INTO PlanNewTestamentYear ([Week], [DayOfWeek], [Reading]) VALUES (34, 'Wednesday', 'galatians 6');
INSERT INTO PlanNewTestamentYear ([Week], [DayOfWeek], [Reading]) VALUES (34, 'Thursday', 'ephesians 1');
INSERT INTO PlanNewTestamentYear ([Week], [DayOfWeek], [Reading]) VALUES (34, 'Friday', 'ephesians 2');
INSERT INTO PlanNewTestamentYear ([Week], [DayOfWeek], [Reading]) VALUES (35, 'Monday', 'ephesians 3');
INSERT INTO PlanNewTestamentYear ([Week], [DayOfWeek], [Reading]) VALUES (35, 'Tuesday', 'ephesians 4');
INSERT INTO PlanNewTestamentYear ([Week], [DayOfWeek], [Reading]) VALUES (35, 'Wednesday', 'ephesians 5');
INSERT INTO PlanNewTestamentYear ([Week], [DayOfWeek], [Reading]) VALUES (35, 'Thursday', 'ephesians 6');
INSERT INTO PlanNewTestamentYear ([Week], [DayOfWeek], [Reading]) VALUES (35, 'Friday', 'philippians 1');
INSERT INTO PlanNewTestamentYear ([Week], [DayOfWeek], [Reading]) VALUES (36, 'Monday', 'philippians 2');
INSERT INTO PlanNewTestamentYear ([Week], [DayOfWeek], [Reading]) VALUES (36, 'Tuesday', 'philippians 3');
INSERT INTO PlanNewTestamentYear ([Week], [DayOfWeek], [Reading]) VALUES (36, 'Wednesday', 'philippians 4');
INSERT INTO PlanNewTestamentYear ([Week], [DayOfWeek], [Reading]) VALUES (36, 'Thursday', 'colossians 1');
INSERT INTO PlanNewTestamentYear ([Week], [DayOfWeek], [Reading]) VALUES (36, 'Friday', 'colossians 2');
INSERT INTO PlanNewTestamentYear ([Week], [DayOfWeek], [Reading]) VALUES (37, 'Monday', 'colossians 3');
INSERT INTO PlanNewTestamentYear ([Week], [DayOfWeek], [Reading]) VALUES (37, 'Tuesday', 'colossians 4');
INSERT INTO PlanNewTestamentYear ([Week], [DayOfWeek], [Reading]) VALUES (37, 'Wednesday', '1thessalonians 1');
INSERT INTO PlanNewTestamentYear ([Week], [DayOfWeek], [Reading]) VALUES (37, 'Thursday', '1thessalonians 2');
INSERT INTO PlanNewTestamentYear ([Week], [DayOfWeek], [Reading]) VALUES (37, 'Friday', '1thessalonians 3');
INSERT INTO PlanNewTestamentYear ([Week], [DayOfWeek], [Reading]) VALUES (38, 'Monday', '1thessalonians 4');
INSERT INTO PlanNewTestamentYear ([Week], [DayOfWeek], [Reading]) VALUES (38, 'Tuesday', '1thessalonians 5');
INSERT INTO PlanNewTestamentYear ([Week], [DayOfWeek], [Reading]) VALUES (38, 'Wednesday', '2thessalonians 1');
INSERT INTO PlanNewTestamentYear ([Week], [DayOfWeek], [Reading]) VALUES (38, 'Thursday', '2thessalonians 2');
INSERT INTO PlanNewTestamentYear ([Week], [DayOfWeek], [Reading]) VALUES (38, 'Friday', '2thessalonians 3');
INSERT INTO PlanNewTestamentYear ([Week], [DayOfWeek], [Reading]) VALUES (39, 'Monday', '1timothy 1');
INSERT INTO PlanNewTestamentYear ([Week], [DayOfWeek], [Reading]) VALUES (39, 'Tuesday', '1timothy 2');
INSERT INTO PlanNewTestamentYear ([Week], [DayOfWeek], [Reading]) VALUES (39, 'Wednesday', '1timothy 3');
INSERT INTO PlanNewTestamentYear ([Week], [DayOfWeek], [Reading]) VALUES (39, 'Thursday', '1timothy 4');
INSERT INTO PlanNewTestamentYear ([Week], [DayOfWeek], [Reading]) VALUES (39, 'Friday', '1timothy 5');
INSERT INTO PlanNewTestamentYear ([Week], [DayOfWeek], [Reading]) VALUES (40, 'Monday', '1timothy 6');
INSERT INTO PlanNewTestamentYear ([Week], [DayOfWeek], [Reading]) VALUES (40, 'Tuesday', '2timothy 1');
INSERT INTO PlanNewTestamentYear ([Week], [DayOfWeek], [Reading]) VALUES (40, 'Wednesday', '2timothy 2');
INSERT INTO PlanNewTestamentYear ([Week], [DayOfWeek], [Reading]) VALUES (40, 'Thursday', '2timothy 3');
INSERT INTO PlanNewTestamentYear ([Week], [DayOfWeek], [Reading]) VALUES (40, 'Friday', '2timothy 4');
INSERT INTO PlanNewTestamentYear ([Week], [DayOfWeek], [Reading]) VALUES (41, 'Monday', 'titus 1');
INSERT INTO PlanNewTestamentYear ([Week], [DayOfWeek], [Reading]) VALUES (41, 'Tuesday', 'titus 2');
INSERT INTO PlanNewTestamentYear ([Week], [DayOfWeek], [Reading]) VALUES (41, 'Wednesday', 'titus 3');
INSERT INTO PlanNewTestamentYear ([Week], [DayOfWeek], [Reading]) VALUES (41, 'Thursday', 'philemon 1');
INSERT INTO PlanNewTestamentYear ([Week], [DayOfWeek], [Reading]) VALUES (41, 'Friday', 'hebrews 1');
INSERT INTO PlanNewTestamentYear ([Week], [DayOfWeek], [Reading]) VALUES (42, 'Monday', 'hebrews 2');
INSERT INTO PlanNewTestamentYear ([Week], [DayOfWeek], [Reading]) VALUES (42, 'Tuesday', 'hebrews 3');
INSERT INTO PlanNewTestamentYear ([Week], [DayOfWeek], [Reading]) VALUES (42, 'Wednesday', 'hebrews 4');
INSERT INTO PlanNewTestamentYear ([Week], [DayOfWeek], [Reading]) VALUES (42, 'Thursday', 'hebrews 5');
INSERT INTO PlanNewTestamentYear ([Week], [DayOfWeek], [Reading]) VALUES (42, 'Friday', 'hebrews 6');
INSERT INTO PlanNewTestamentYear ([Week], [DayOfWeek], [Reading]) VALUES (43, 'Monday', 'hebrews 7');
INSERT INTO PlanNewTestamentYear ([Week], [DayOfWeek], [Reading]) VALUES (43, 'Tuesday', 'hebrews 8');
INSERT INTO PlanNewTestamentYear ([Week], [DayOfWeek], [Reading]) VALUES (43, 'Wednesday', 'hebrews 9');
INSERT INTO PlanNewTestamentYear ([Week], [DayOfWeek], [Reading]) VALUES (43, 'Thursday', 'hebrews 10');
INSERT INTO PlanNewTestamentYear ([Week], [DayOfWeek], [Reading]) VALUES (43, 'Friday', 'hebrews 11');
INSERT INTO PlanNewTestamentYear ([Week], [DayOfWeek], [Reading]) VALUES (44, 'Monday', 'hebrews 12');
INSERT INTO PlanNewTestamentYear ([Week], [DayOfWeek], [Reading]) VALUES (44, 'Tuesday', 'hebrews 13');
INSERT INTO PlanNewTestamentYear ([Week], [DayOfWeek], [Reading]) VALUES (44, 'Wednesday', 'james 1');
INSERT INTO PlanNewTestamentYear ([Week], [DayOfWeek], [Reading]) VALUES (44, 'Thursday', 'james 2');
INSERT INTO PlanNewTestamentYear ([Week], [DayOfWeek], [Reading]) VALUES (44, 'Friday', 'james 3');
INSERT INTO PlanNewTestamentYear ([Week], [DayOfWeek], [Reading]) VALUES (45, 'Monday', 'james 4');
INSERT INTO PlanNewTestamentYear ([Week], [DayOfWeek], [Reading]) VALUES (45, 'Tuesday', 'james 5');
INSERT INTO PlanNewTestamentYear ([Week], [DayOfWeek], [Reading]) VALUES (45, 'Wednesday', '1peter 1');
INSERT INTO PlanNewTestamentYear ([Week], [DayOfWeek], [Reading]) VALUES (45, 'Thursday', '1peter 2');
INSERT INTO PlanNewTestamentYear ([Week], [DayOfWeek], [Reading]) VALUES (45, 'Friday', '1peter 3');
INSERT INTO PlanNewTestamentYear ([Week], [DayOfWeek], [Reading]) VALUES (46, 'Monday', '1peter 4');
INSERT INTO PlanNewTestamentYear ([Week], [DayOfWeek], [Reading]) VALUES (46, 'Tuesday', '1peter 5');
INSERT INTO PlanNewTestamentYear ([Week], [DayOfWeek], [Reading]) VALUES (46, 'Wednesday', '2peter 1');
INSERT INTO PlanNewTestamentYear ([Week], [DayOfWeek], [Reading]) VALUES (46, 'Thursday', '2peter 2');
INSERT INTO PlanNewTestamentYear ([Week], [DayOfWeek], [Reading]) VALUES (46, 'Friday', '2peter 3');
INSERT INTO PlanNewTestamentYear ([Week], [DayOfWeek], [Reading]) VALUES (47, 'Monday', '1john 1');
INSERT INTO PlanNewTestamentYear ([Week], [DayOfWeek], [Reading]) VALUES (47, 'Tuesday', '1john 2');
INSERT INTO PlanNewTestamentYear ([Week], [DayOfWeek], [Reading]) VALUES (47, 'Wednesday', '1john 3');
INSERT INTO PlanNewTestamentYear ([Week], [DayOfWeek], [Reading]) VALUES (47, 'Thursday', '1john 4');
INSERT INTO PlanNewTestamentYear ([Week], [DayOfWeek], [Reading]) VALUES (47, 'Friday', '1john 5');
INSERT INTO PlanNewTestamentYear ([Week], [DayOfWeek], [Reading]) VALUES (48, 'Monday', '2john 1');
INSERT INTO PlanNewTestamentYear ([Week], [DayOfWeek], [Reading]) VALUES (48, 'Tuesday', '3john 1');
INSERT INTO PlanNewTestamentYear ([Week], [DayOfWeek], [Reading]) VALUES (48, 'Wednesday', 'jude 1');
INSERT INTO PlanNewTestamentYear ([Week], [DayOfWeek], [Reading]) VALUES (48, 'Thursday', 'revelation 1');
INSERT INTO PlanNewTestamentYear ([Week], [DayOfWeek], [Reading]) VALUES (48, 'Friday', 'revelation 2');
INSERT INTO PlanNewTestamentYear ([Week], [DayOfWeek], [Reading]) VALUES (49, 'Monday', 'revelation 3');
INSERT INTO PlanNewTestamentYear ([Week], [DayOfWeek], [Reading]) VALUES (49, 'Tuesday', 'revelation 4');
INSERT INTO PlanNewTestamentYear ([Week], [DayOfWeek], [Reading]) VALUES (49, 'Wednesday', 'revelation 5');
INSERT INTO PlanNewTestamentYear ([Week], [DayOfWeek], [Reading]) VALUES (49, 'Thursday', 'revelation 6');
INSERT INTO PlanNewTestamentYear ([Week], [DayOfWeek], [Reading]) VALUES (49, 'Friday', 'revelation 7');
INSERT INTO PlanNewTestamentYear ([Week], [DayOfWeek], [Reading]) VALUES (50, 'Monday', 'revelation 8');
INSERT INTO PlanNewTestamentYear ([Week], [DayOfWeek], [Reading]) VALUES (50, 'Tuesday', 'revelation 9');
INSERT INTO PlanNewTestamentYear ([Week], [DayOfWeek], [Reading]) VALUES (50, 'Wednesday', 'revelation 10');
INSERT INTO PlanNewTestamentYear ([Week], [DayOfWeek], [Reading]) VALUES (50, 'Thursday', 'revelation 11');
INSERT INTO PlanNewTestamentYear ([Week], [DayOfWeek], [Reading]) VALUES (50, 'Friday', 'revelation 12');
INSERT INTO PlanNewTestamentYear ([Week], [DayOfWeek], [Reading]) VALUES (51, 'Monday', 'revelation 13');
INSERT INTO PlanNewTestamentYear ([Week], [DayOfWeek], [Reading]) VALUES (51, 'Tuesday', 'revelation 14');
INSERT INTO PlanNewTestamentYear ([Week], [DayOfWeek], [Reading]) VALUES (51, 'Wednesday', 'revelation 15');
INSERT INTO PlanNewTestamentYear ([Week], [DayOfWeek], [Reading]) VALUES (51, 'Thursday', 'revelation 16');
INSERT INTO PlanNewTestamentYear ([Week], [DayOfWeek], [Reading]) VALUES (51, 'Friday', 'revelation 17');
INSERT INTO PlanNewTestamentYear ([Week], [DayOfWeek], [Reading]) VALUES (52, 'Monday', 'revelation 18');
INSERT INTO PlanNewTestamentYear ([Week], [DayOfWeek], [Reading]) VALUES (52, 'Tuesday', 'revelation 19');
INSERT INTO PlanNewTestamentYear ([Week], [DayOfWeek], [Reading]) VALUES (52, 'Wednesday', 'revelation 20');
INSERT INTO PlanNewTestamentYear ([Week], [DayOfWeek], [Reading]) VALUES (52, 'Thursday', 'revelation 21');
INSERT INTO PlanNewTestamentYear ([Week], [DayOfWeek], [Reading]) VALUES (52, 'Friday', 'revelation 22');
GO